country,1960,1961,1962,1963,1964,1965,1966,1967,1968,1969,1970,1971,1972,1973,1974,1975,1976,1977,1978,1979,1980,1981,1982,1983,1984,1985,1986,1987,1988,1989,1990,1991,1992,1993,1994,1995,1996,1997,1998,1999,2000,2001,2002,2003,2004,2005,2006,2007,2008,2009,2010,2011,2012,2013,2014,2015,2016,2017
Afghanistan,9000000,9170000,9350000,9530000,9730000,9940000,10200000,10400000,10600000,10900000,11100000,11400000,11700000,12000000,12300000,12600000,12800000,13100000,13200000,13300000,13200000,13100000,12700000,12400000,12000000,11800000,11600000,11500000,11500000,11800000,12200000,13000000,14000000,15100000,16200000,17100000,17800000,18400000,18900000,19400000,20100000,21000000,22000000,23100000,24100000,25100000,25900000,26600000,27300000,28000000,28800000,29700000,30700000,31700000,32800000,33700000,34700000,35500000
Albania,1610000,1660000,1710000,1760000,1810000,1860000,1910000,1970000,2020000,2080000,2140000,2190000,2240000,2300000,2350000,2400000,2460000,2510000,2570000,2620000,2670000,2730000,2780000,2840000,2900000,2960000,3020000,3080000,3140000,3230000,3290000,3270000,3250000,3230000,3210000,3190000,3170000,3150000,3130000,3110000,3090000,3060000,3050000,3040000,3030000,3010000,2990000,2970000,2950000,2930000,2910000,2910000,2900000,2900000,2890000,2880000,2880000,2870000
Algeria,11100000,11400000,11700000,12000000,12300000,12600000,13000000,13400000,13700000,14100000,14600000,15000000,15400000,15800000,16200000,16700000,17200000,17700000,18200000,18800000,19300000,19900000,20600000,21200000,21900000,22600000,23200000,23900000,24600000,25300000,25900000,26600000,27200000,27800000,28400000,28900000,29400000,29900000,30300000,30800000,31200000,31600000,32000000,32400000,32800000,33300000,33800000,34300000,34900000,35500000,36100000,36800000,37600000,38300000,39100000,39900000,40600000,41300000
Andorra,13400,14400,15400,16400,17500,18500,19600,20800,21900,23100,24300,25600,26900,28200,29500,30700,31800,32800,33700,34800,36100,37500,39100,40900,42700,44600,46500,48500,50400,52400,54500,56700,58900,61000,62700,63900,64400,64300,64100,64400,65400,67300,70000,73200,76200,78900,81000,82700,83900,84500,84400,83800,82400,80800,79200,78000,77300,77000
Angola,5640000,5750000,5870000,5980000,6090000,6200000,6310000,6410000,6520000,6640000,6780000,6930000,7090000,7280000,7470000,7680000,7900000,8130000,8380000,8640000,8930000,9240000,9580000,9930000,10300000,10600000,10900000,11200000,11500000,11800000,12200000,12600000,13000000,13400000,13800000,14300000,14700000,15100000,15500000,15900000,16400000,17000000,17600000,18200000,18900000,19600000,20300000,21000000,21800000,22500000,23400000,24200000,25100000,26000000,26900000,27900000,28800000,29800000
Antigua and Barbuda,55300,56100,57100,58300,59500,60800,62100,63400,64700,65900,67100,68200,69200,70100,70900,71600,72300,72900,73300,73500,73400,73100,72400,71600,70700,69800,68800,67800,67100,66600,66700,67300,68400,69900,71700,73600,75600,77700,79900,81800,83600,85100,86300,87300,88300,89300,90300,91400,92500,93600,94700,95700,96800,97800,98900,99900,101000,102000
Argentina,20600000,21000000,21300000,21600000,22000000,22300000,22600000,22900000,23300000,23600000,24000000,24400000,24800000,25200000,25600000,26100000,26500000,26900000,27300000,27700000,28100000,28500000,29000000,29500000,29900000,30400000,30900000,31300000,31800000,32300000,32700000,33200000,33700000,34100000,34600000,35000000,35400000,35800000,36200000,36600000,37100000,37500000,37900000,38300000,38700000,39100000,39600000,40000000,40400000,40800000,41200000,41700000,42100000,42500000,43000000,43400000,43800000,44300000
Armenia,1870000,1940000,2010000,2080000,2140000,2210000,2280000,2340000,2400000,2460000,2530000,2590000,2650000,2710000,2770000,2830000,2890000,2940000,3000000,3050000,3100000,3150000,3190000,3240000,3290000,3340000,3390000,3450000,3500000,3540000,3540000,3510000,3440000,3360000,3280000,3220000,3170000,3130000,3110000,3090000,3070000,3050000,3030000,3020000,3000000,2980000,2960000,2930000,2910000,2890000,2880000,2880000,2880000,2890000,2910000,2920000,2920000,2930000
Australia,10300000,10500000,10700000,11000000,11200000,11400000,11700000,11800000,12000000,12300000,12500000,12900000,13200000,13400000,13700000,13900000,14000000,14200000,14400000,14500000,14700000,14900000,15200000,15400000,15500000,15800000,16000000,16300000,16500000,16800000,17100000,17300000,17500000,17700000,17900000,18100000,18300000,18500000,18700000,18900000,19200000,19400000,19700000,19900000,20100000,20400000,20700000,20800000,21200000,21700000,22000000,22300000,22700000,23100000,23500000,23900000,24200000,24600000
Austria,7050000,7090000,7130000,7180000,7220000,7270000,7320000,7380000,7420000,7440000,7470000,7500000,7540000,7590000,7600000,7580000,7570000,7570000,7560000,7550000,7550000,7570000,7570000,7560000,7560000,7560000,7570000,7570000,7590000,7620000,7680000,7750000,7840000,7910000,7940000,7950000,7960000,7970000,7980000,7990000,8010000,8040000,8080000,8120000,8170000,8230000,8270000,8300000,8320000,8340000,8360000,8390000,8430000,8480000,8550000,8640000,8740000,8810000
Azerbaijan,3900000,4030000,4170000,4320000,4460000,4590000,4720000,4840000,4960000,5070000,5180000,5280000,5390000,5480000,5580000,5670000,5770000,5860000,5960000,6050000,6150000,6250000,6350000,6450000,6560000,6670000,6780000,6890000,7010000,7130000,7160000,7270000,7380000,7500000,7600000,7690000,7760000,7840000,7910000,7980000,8050000,8110000,8170000,8230000,8310000,8390000,8480000,8580000,8760000,8950000,9050000,9170000,9300000,9420000,9540000,9650000,9760000,9860000
Bahamas,110000,115000,121000,127000,134000,140000,146000,153000,159000,164000,169000,174000,178000,181000,185000,189000,193000,197000,202000,206000,211000,215000,220000,225000,230000,235000,239000,243000,248000,252000,256000,261000,266000,271000,276000,280000,284000,287000,290000,294000,298000,303000,309000,316000,323000,329000,336000,342000,349000,355000,361000,367000,372000,377000,382000,387000,391000,395000
Bahrain,162000,168000,173000,178000,183000,187000,192000,196000,201000,206000,213000,220000,229000,240000,252000,267000,284000,303000,323000,343000,360000,374000,386000,396000,407000,419000,433000,449000,465000,481000,496000,510000,523000,536000,550000,564000,579000,595000,614000,637000,665000,698000,735000,779000,830000,889000,958000,1040000,1110000,1190000,1240000,1280000,1300000,1320000,1340000,1370000,1430000,1490000
Bangladesh,48200000,49600000,51000000,52500000,54100000,55800000,57700000,59600000,61600000,63400000,65000000,66400000,67600000,68700000,69900000,71300000,73000000,74900000,77000000,79200000,81500000,83700000,86000000,88300000,90700000,93200000,95700000,98300000,101000000,104000000,106000000,109000000,111000000,114000000,116000000,119000000,121000000,124000000,126000000,129000000,132000000,134000000,137000000,139000000,141000000,143000000,145000000,147000000,149000000,150000000,152000000,154000000,156000000,158000000,159000000,161000000,163000000,165000000
Barbados,231000,232000,233000,234000,235000,235000,236000,237000,237000,238000,239000,240000,241000,243000,245000,246000,247000,249000,250000,251000,252000,253000,254000,255000,255000,256000,257000,258000,259000,259000,260000,261000,262000,263000,264000,265000,266000,267000,268000,269000,270000,271000,271000,272000,273000,274000,275000,276000,277000,278000,280000,281000,282000,283000,283000,284000,285000,286000
Belarus,8200000,8270000,8350000,8440000,8520000,8610000,8700000,8790000,8870000,8960000,9040000,9120000,9190000,9260000,9320000,9370000,9410000,9460000,9530000,9580000,9640000,9710000,9780000,9840000,9910000,9980000,10000000,10100000,10100000,10200000,10200000,10200000,10200000,10200000,10200000,10200000,10200000,10100000,10100000,10000000,9980000,9930000,9870000,9800000,9730000,9660000,9600000,9560000,9530000,9510000,9490000,9470000,9460000,9470000,9470000,9490000,9500000,9510000
Belgium,9150000,9180000,9220000,9290000,9380000,9460000,9530000,9580000,9620000,9650000,9660000,9670000,9710000,9740000,9770000,9800000,9820000,9830000,9840000,9850000,9860000,9860000,9860000,9860000,9860000,9860000,9860000,9870000,9900000,9940000,9970000,10000000,10000000,10100000,10100000,10100000,10200000,10200000,10200000,10200000,10300000,10300000,10300000,10400000,10400000,10500000,10500000,10600000,10700000,10800000,10900000,11000000,11100000,11200000,11200000,11300000,11300000,11400000
Belize,92100,94700,97400,100000,103000,106000,109000,113000,116000,119000,122000,125000,127000,129000,131000,133000,135000,137000,139000,141000,144000,148000,152000,156000,160000,165000,170000,174000,179000,183000,188000,191000,194000,198000,202000,207000,214000,222000,230000,239000,247000,255000,262000,269000,276000,283000,291000,298000,306000,314000,322000,329000,337000,344000,352000,359000,367000,375000
Benin,2430000,2470000,2500000,2540000,2590000,2630000,2680000,2740000,2790000,2850000,2910000,2980000,3040000,3110000,3190000,3270000,3350000,3430000,3520000,3620000,3720000,3820000,3930000,4040000,4160000,4280000,4400000,4540000,4670000,4820000,4980000,5150000,5330000,5520000,5710000,5910000,6090000,6280000,6470000,6660000,6870000,7080000,7300000,7520000,7750000,7980000,8220000,8450000,8700000,8940000,9200000,9460000,9730000,10000000,10300000,10600000,10900000,11200000
Bhutan,223000,229000,235000,241000,247000,254000,262000,271000,280000,289000,298000,308000,318000,328000,339000,350000,361000,373000,385000,397000,409000,420000,431000,442000,454000,467000,483000,500000,517000,530000,537000,537000,532000,523000,517000,515000,519000,529000,542000,558000,573000,590000,606000,623000,640000,657000,672000,687000,701000,714000,728000,741000,753000,765000,776000,787000,798000,808000
Bolivia,3690000,3760000,3840000,3910000,3990000,4070000,4150000,4240000,4320000,4410000,4510000,4600000,4700000,4800000,4900000,5010000,5120000,5230000,5350000,5470000,5590000,5710000,5840000,5960000,6090000,6210000,6340000,6460000,6590000,6720000,6860000,6990000,7130000,7270000,7420000,7570000,7720000,7870000,8030000,8180000,8340000,8500000,8650000,8810000,8970000,9130000,9280000,9440000,9600000,9760000,9920000,10100000,10200000,10400000,10600000,10700000,10900000,11100000
Bosnia and Herzegovina,3230000,3290000,3350000,3420000,3480000,3540000,3590000,3630000,3680000,3720000,3760000,3810000,3850000,3900000,3940000,3990000,4030000,4060000,4100000,4140000,4180000,4220000,4270000,4310000,4350000,4390000,4440000,4480000,4510000,4510000,4460000,4370000,4240000,4090000,3950000,3840000,3780000,3750000,3750000,3760000,3770000,3770000,3780000,3780000,3780000,3780000,3780000,3770000,3760000,3750000,3720000,3690000,3650000,3600000,3570000,3540000,3520000,3510000
Botswana,525000,537000,551000,565000,581000,597000,615000,633000,653000,674000,696000,719000,743000,769000,796000,826000,858000,892000,928000,964000,1000000,1040000,1080000,1110000,1150000,1190000,1230000,1260000,1300000,1340000,1380000,1420000,1460000,1490000,1530000,1570000,1600000,1640000,1670000,1700000,1730000,1750000,1780000,1800000,1830000,1860000,1880000,1910000,1950000,1980000,2010000,2050000,2090000,2130000,2170000,2210000,2250000,2290000
Brazil,72200000,74400000,76600000,78900000,81200000,83500000,85800000,88200000,90600000,92900000,95300000,97700000,100000000,103000000,105000000,108000000,110000000,113000000,116000000,118000000,121000000,124000000,127000000,130000000,133000000,136000000,138000000,141000000,144000000,147000000,149000000,152000000,155000000,157000000,160000000,162000000,165000000,168000000,170000000,173000000,175000000,178000000,180000000,182000000,185000000,187000000,189000000,191000000,193000000,195000000,197000000,199000000,201000000,202000000,204000000,206000000,208000000,209000000
Brunei,81700,85600,89500,93600,97800,102000,107000,112000,118000,124000,130000,136000,142000,149000,155000,162000,168000,175000,181000,188000,194000,200000,206000,212000,218000,225000,231000,238000,244000,252000,259000,266000,274000,282000,290000,297000,305000,312000,319000,326000,333000,340000,347000,353000,360000,365000,370000,375000,379000,384000,389000,394000,400000,406000,412000,418000,423000,429000
Bulgaria,7870000,7940000,8010000,8080000,8140000,8200000,8260000,8310000,8370000,8430000,8490000,8540000,8580000,8620000,8680000,8720000,8760000,8800000,8810000,8830000,8860000,8890000,8920000,8940000,8960000,8960000,8960000,8970000,8980000,8880000,8720000,8630000,8540000,8470000,8440000,8410000,8360000,8310000,8260000,8210000,8170000,8010000,7840000,7780000,7720000,7660000,7600000,7550000,7490000,7440000,7400000,7350000,7310000,7270000,7220000,7180000,7130000,7080000
Burkina Faso,4830000,4890000,4960000,5030000,5100000,5170000,5260000,5340000,5430000,5530000,5620000,5720000,5830000,5930000,6040000,6150000,6270000,6400000,6530000,6670000,6820000,6990000,7160000,7340000,7530000,7730000,7930000,8140000,8360000,8580000,8810000,9050000,9300000,9550000,9820000,10100000,10400000,10700000,11000000,11300000,11600000,11900000,12300000,12700000,13000000,13400000,13800000,14300000,14700000,15100000,15600000,16100000,16600000,17100000,17600000,18100000,18600000,19200000
Burundi,2790000,2840000,2890000,2950000,3010000,3080000,3150000,3230000,3320000,3390000,3460000,3510000,3540000,3580000,3620000,3670000,3740000,3820000,3910000,4010000,4120000,4220000,4330000,4450000,4570000,4700000,4840000,4990000,5140000,5280000,5420000,5540000,5660000,5770000,5870000,5960000,6040000,6110000,6190000,6280000,6400000,6560000,6740000,6950000,7180000,7420000,7680000,7940000,8210000,8490000,8770000,9040000,9320000,9600000,9890000,10200000,10500000,10900000
Cambodia,5720000,5870000,6030000,6180000,6330000,6470000,6580000,6690000,6780000,6880000,6990000,7140000,7300000,7450000,7530000,7520000,7400000,7190000,6960000,6770000,6690000,6750000,6920000,7170000,7450000,7710000,7960000,8200000,8430000,8690000,8970000,9290000,9620000,9970000,10300000,10700000,11000000,11300000,11600000,11900000,12200000,12400000,12600000,12900000,13100000,13300000,13500000,13700000,13900000,14100000,14300000,14500000,14800000,15000000,15300000,15500000,15800000,16000000
Cameroon,5180000,5290000,5400000,5520000,5650000,5780000,5920000,6060000,6210000,6360000,6530000,6700000,6880000,7060000,7250000,7460000,7670000,7890000,8120000,8360000,8620000,8880000,9160000,9450000,9740000,10100000,10400000,10700000,11000000,11400000,11700000,12100000,12400000,12800000,13100000,13500000,13800000,14200000,14500000,14900000,15300000,15700000,16100000,16500000,17000000,17400000,17900000,18400000,18900000,19400000,20000000,20500000,21100000,21700000,22200000,22800000,23400000,24100000
Canada,17900000,18300000,18600000,19000000,19300000,19700000,20000000,20400000,20700000,21000000,21300000,21600000,22000000,22400000,22800000,23200000,23500000,23800000,24000000,24300000,24600000,24900000,25200000,25500000,25700000,25900000,26200000,26600000,26900000,27400000,27800000,28200000,28500000,28800000,29100000,29400000,29700000,30000000,30200000,30500000,30800000,31100000,31400000,31700000,32000000,32300000,32600000,32900000,33200000,33600000,34000000,34300000,34800000,35200000,35500000,35800000,36300000,36700000
Cape Verde,202000,206000,211000,217000,224000,231000,240000,249000,258000,265000,270000,273000,274000,273000,272000,272000,274000,276000,279000,282000,287000,292000,297000,303000,309000,315000,320000,325000,330000,335000,342000,350000,359000,369000,379000,389000,399000,408000,417000,426000,435000,444000,452000,460000,468000,475000,481000,486000,492000,497000,502000,508000,514000,520000,526000,533000,540000,546000
Central African Republic,1500000,1530000,1560000,1590000,1620000,1650000,1680000,1720000,1760000,1790000,1830000,1860000,1900000,1940000,1980000,2020000,2060000,2110000,2160000,2220000,2280000,2350000,2420000,2490000,2570000,2630000,2700000,2760000,2810000,2870000,2940000,3010000,3100000,3180000,3270000,3350000,3440000,3520000,3600000,3680000,3750000,3830000,3910000,3980000,4060000,4130000,4200000,4280000,4350000,4400000,4450000,4480000,4490000,4500000,4520000,4550000,4590000,4660000
Chad,3000000,3060000,3120000,3180000,3250000,3310000,3370000,3430000,3500000,3570000,3640000,3730000,3820000,3910000,4000000,4090000,4170000,4250000,4340000,4420000,4510000,4610000,4720000,4830000,4950000,5090000,5240000,5410000,5580000,5770000,5960000,6150000,6350000,6560000,6770000,7000000,7240000,7490000,7760000,8040000,8340000,8660000,9000000,9350000,9710000,10100000,10400000,10800000,11100000,11500000,11900000,12300000,12700000,13100000,13600000,14000000,14500000,14900000
Chile,7720000,7890000,8070000,8250000,8430000,8620000,8810000,9000000,9190000,9380000,9560000,9750000,9920000,10100000,10300000,10400000,10600000,10800000,10900000,11100000,11300000,11400000,11600000,11800000,12000000,12200000,12400000,12600000,12800000,13000000,13200000,13500000,13700000,13900000,14100000,14300000,14500000,14700000,14900000,15100000,15300000,15400000,15600000,15800000,16000000,16100000,16300000,16500000,16700000,16800000,17000000,17200000,17300000,17500000,17600000,17800000,17900000,18100000
China,667000000,660000000,666000000,682000000,698000000,715000000,735000000,755000000,775000000,796000000,818000000,841000000,862000000,882000000,900000000,916000000,931000000,943000000,956000000,969000000,981000000,994000000,1010000000,1020000000,1040000000,1050000000,1070000000,1080000000,1100000000,1120000000,1140000000,1150000000,1160000000,1180000000,1190000000,1200000000,1220000000,1230000000,1240000000,1250000000,1260000000,1270000000,1280000000,1290000000,1300000000,1300000000,1310000000,1320000000,1320000000,1330000000,1340000000,1340000000,1350000000,1360000000,1360000000,1370000000,1380000000,1390000000
Colombia,16500000,17000000,17500000,18000000,18600000,19100000,19700000,20300000,20900000,21500000,22100000,22600000,23100000,23700000,24200000,24800000,25300000,25900000,26500000,27100000,27700000,28400000,29000000,29700000,30400000,31000000,31700000,32300000,33000000,33600000,34300000,34900000,35600000,36200000,36800000,37400000,38000000,38600000,39200000,39800000,40400000,41000000,41600000,42200000,42700000,43300000,43800000,44400000,44900000,45400000,45900000,46400000,46900000,47300000,47800000,48200000,48700000,49100000
Comoros,191000,194000,197000,200000,204000,207000,211000,216000,221000,225000,230000,235000,239000,244000,250000,257000,266000,276000,287000,297000,308000,318000,327000,336000,345000,355000,366000,377000,388000,400000,412000,424000,436000,449000,462000,475000,489000,502000,515000,529000,542000,556000,569000,583000,597000,612000,626000,642000,657000,673000,690000,707000,724000,742000,759000,777000,796000,814000
"Congo, Dem. Rep.",15200000,15600000,16000000,16500000,16900000,17400000,17900000,18400000,18900000,19500000,20000000,20600000,21100000,21700000,22300000,22900000,23600000,24200000,25000000,25700000,26400000,27000000,27700000,28400000,29100000,29900000,30700000,31500000,32400000,33500000,34600000,35900000,37300000,38800000,40300000,41600000,42800000,43800000,44800000,45900000,47100000,48400000,49800000,51400000,53000000,54800000,56500000,58400000,60400000,62400000,64500000,66700000,69000000,71300000,73700000,76200000,78700000,81300000
"Congo, Rep.",1040000,1060000,1090000,1120000,1150000,1180000,1220000,1250000,1290000,1330000,1360000,1410000,1450000,1500000,1540000,1590000,1640000,1690000,1740000,1790000,1840000,1890000,1950000,2010000,2070000,2130000,2190000,2250000,2310000,2380000,2440000,2510000,2580000,2650000,2720000,2800000,2880000,2960000,3050000,3140000,3230000,3320000,3410000,3500000,3610000,3720000,3840000,3980000,4120000,4250000,4390000,4510000,4630000,4750000,4870000,5000000,5130000,5260000
Costa Rica,1330000,1380000,1430000,1480000,1540000,1590000,1640000,1690000,1750000,1800000,1850000,1900000,1950000,2000000,2050000,2100000,2150000,2210000,2270000,2330000,2390000,2450000,2520000,2590000,2660000,2730000,2800000,2870000,2940000,3020000,3100000,3180000,3260000,3340000,3430000,3510000,3600000,3680000,3770000,3850000,3930000,4000000,4060000,4130000,4190000,4250000,4310000,4370000,4430000,4490000,4550000,4600000,4650000,4710000,4760000,4810000,4860000,4910000
Cote d'Ivoire,3560000,3690000,3840000,4000000,4160000,4320000,4490000,4660000,4830000,5030000,5240000,5480000,5740000,6010000,6310000,6610000,6920000,7250000,7590000,7930000,8290000,8660000,9040000,9430000,9830000,10200000,10600000,11000000,11400000,11800000,12300000,12700000,13200000,13600000,14100000,14500000,15000000,15400000,15900000,16300000,16700000,17000000,17400000,17700000,18000000,18300000,18700000,19100000,19500000,19900000,20400000,20900000,21400000,22000000,22500000,23100000,23700000,24300000
Croatia,4140000,4170000,4200000,4230000,4260000,4290000,4310000,4340000,4360000,4390000,4410000,4440000,4460000,4480000,4500000,4510000,4530000,4530000,4560000,4570000,4590000,4610000,4640000,4660000,4680000,4700000,4720000,4740000,4760000,4770000,4780000,4510000,4470000,4640000,4650000,4670000,4490000,4570000,4500000,4550000,4430000,4440000,4440000,4440000,4440000,4440000,4440000,4440000,4430000,4430000,4420000,4280000,4270000,4260000,4240000,4200000,4170000,4130000
Cuba,7140000,7290000,7450000,7620000,7790000,7950000,8110000,8260000,8410000,8560000,8720000,8870000,9030000,9180000,9320000,9440000,9540000,9630000,9710000,9780000,9840000,9880000,9930000,9970000,10000000,10100000,10200000,10300000,10400000,10500000,10600000,10700000,10700000,10800000,10900000,10900000,11000000,11000000,11100000,11100000,11200000,11200000,11200000,11200000,11300000,11300000,11300000,11300000,11300000,11300000,11300000,11400000,11400000,11400000,11400000,11500000,11500000,11500000
Cyprus,573000,576000,578000,578000,579000,581000,585000,591000,598000,606000,614000,621000,628000,635000,642000,650000,658000,666000,673000,680000,685000,689000,692000,694000,698000,704000,712000,723000,736000,751000,767000,783000,801000,819000,837000,855000,873000,891000,909000,926000,943000,960000,977000,994000,1010000,1030000,1050000,1060000,1080000,1100000,1110000,1120000,1140000,1140000,1150000,1160000,1170000,1180000
Czech Republic,9600000,9590000,9620000,9670000,9730000,9780000,9820000,9850000,9880000,9900000,9860000,9830000,9870000,9920000,9990000,10100000,10100000,10200000,10200000,10300000,10300000,10300000,10300000,10300000,10300000,10300000,10300000,10300000,10400000,10400000,10300000,10300000,10300000,10300000,10300000,10300000,10300000,10300000,10300000,10300000,10300000,10200000,10200000,10200000,10200000,10200000,10200000,10300000,10400000,10400000,10500000,10500000,10500000,10500000,10500000,10500000,10600000,10600000
Denmark,4580000,4610000,4650000,4680000,4720000,4760000,4800000,4840000,4860000,4890000,4930000,4960000,4990000,5020000,5050000,5060000,5070000,5090000,5100000,5120000,5120000,5120000,5120000,5110000,5110000,5110000,5120000,5130000,5130000,5130000,5140000,5150000,5170000,5190000,5210000,5230000,5260000,5280000,5300000,5320000,5340000,5360000,5380000,5390000,5400000,5420000,5440000,5460000,5490000,5520000,5550000,5570000,5590000,5610000,5640000,5680000,5730000,5770000
Djibouti,83600,88500,94200,101000,108000,115000,123000,131000,140000,150000,160000,169000,179000,191000,205000,224000,249000,277000,308000,336000,359000,375000,385000,394000,406000,426000,454000,490000,529000,564000,590000,607000,615000,618000,622000,630000,644000,661000,681000,700000,718000,733000,746000,759000,771000,783000,796000,809000,823000,837000,851000,866000,881000,897000,912000,927000,942000,957000
Dominica,60000,61000,62000,62900,63900,65000,66300,67700,69000,70200,71100,71600,71700,71700,71800,72100,72600,73400,74200,74900,75300,75400,75200,74700,74200,73600,73000,72400,71700,71200,70900,70800,71000,71200,71400,71400,71100,70800,70300,69900,69700,69700,69800,70100,70400,70600,70800,71000,71100,71200,71400,71700,72000,72400,72800,73200,73500,73900
Dominican Republic,3290000,3410000,3520000,3640000,3760000,3880000,4000000,4130000,4250000,4380000,4500000,4630000,4760000,4890000,5020000,5150000,5280000,5410000,5540000,5680000,5810000,5940000,6080000,6210000,6350000,6490000,6630000,6760000,6900000,7040000,7180000,7330000,7470000,7610000,7750000,7890000,8030000,8160000,8300000,8430000,8560000,8700000,8830000,8970000,9100000,9240000,9370000,9500000,9640000,9770000,9900000,10000000,10200000,10300000,10400000,10500000,10600000,10800000
Ecuador,4550000,4680000,4810000,4950000,5100000,5250000,5410000,5570000,5730000,5900000,6070000,6250000,6430000,6610000,6800000,6990000,7180000,7370000,7570000,7770000,7980000,8180000,8390000,8610000,8820000,9050000,9270000,9500000,9740000,9980000,10200000,10500000,10700000,11000000,11200000,11400000,11700000,11900000,12200000,12400000,12600000,12900000,13100000,13300000,13500000,13700000,14000000,14200000,14400000,14700000,14900000,15200000,15400000,15700000,15900000,16100000,16400000,16600000
Egypt,27000000,27700000,28500000,29300000,30100000,30900000,31700000,32500000,33400000,34200000,35000000,35900000,36700000,37500000,38300000,39200000,40100000,41000000,42000000,43000000,44100000,45200000,46400000,47600000,48900000,50200000,51600000,53100000,54500000,56000000,57400000,58800000,60000000,61300000,62500000,63700000,64900000,66200000,67400000,68600000,69900000,71200000,72600000,74000000,75400000,76800000,78200000,79500000,81000000,82500000,84100000,85900000,87800000,89800000,91800000,93800000,95700000,97600000
El Salvador,2760000,2840000,2930000,3020000,3110000,3200000,3290000,3380000,3480000,3570000,3670000,3770000,3860000,3960000,4050000,4150000,4240000,4330000,4420000,4500000,4580000,4660000,4730000,4790000,4860000,4920000,4990000,5050000,5120000,5190000,5250000,5330000,5400000,5470000,5540000,5610000,5670000,5730000,5780000,5830000,5870000,5910000,5940000,5970000,6000000,6030000,6060000,6080000,6110000,6140000,6160000,6190000,6220000,6250000,6280000,6310000,6340000,6380000
Equatorial Guinea,255000,259000,263000,267000,271000,277000,285000,293000,301000,306000,307000,302000,293000,281000,269000,260000,252000,247000,244000,247000,255000,270000,291000,314000,338000,359000,376000,390000,402000,414000,427000,441000,455000,471000,487000,505000,524000,545000,567000,590000,614000,640000,666000,695000,725000,757000,792000,829000,868000,909000,951000,994000,1040000,1080000,1130000,1180000,1220000,1270000
Eritrea,1400000,1430000,1470000,1510000,1550000,1590000,1630000,1670000,1720000,1760000,1810000,1860000,1910000,1970000,2020000,2080000,2130000,2190000,2250000,2320000,2390000,2450000,2530000,2600000,2670000,2750000,2840000,2920000,3010000,3070000,3110000,3130000,3120000,3100000,3090000,3090000,3120000,3160000,3220000,3300000,3390000,3500000,3610000,3740000,3860000,3970000,4070000,4150000,4230000,4310000,4390000,4470000,,,,,,
Estonia,1210000,1230000,1240000,1260000,1280000,1290000,1310000,1320000,1330000,1350000,1360000,1380000,1390000,1410000,1420000,1430000,1440000,1450000,1460000,1470000,1480000,1490000,1500000,1510000,1520000,1530000,1540000,1550000,1560000,1570000,1570000,1560000,1530000,1490000,1460000,1440000,1420000,1400000,1390000,1390000,1400000,1390000,1380000,1370000,1360000,1350000,1350000,1340000,1340000,1330000,1330000,1330000,1320000,1320000,1310000,1320000,1320000,1320000
Ethiopia,22200000,22700000,23200000,23800000,24400000,25000000,25600000,26300000,26900000,27700000,28400000,29200000,30100000,31000000,31900000,32600000,33100000,33600000,34100000,34600000,35300000,36100000,37100000,38300000,39500000,40800000,42100000,43500000,44900000,46500000,48100000,49800000,51600000,53500000,55400000,57300000,59200000,61000000,62800000,64600000,66500000,68500000,70500000,72500000,74600000,76700000,78900000,81000000,83200000,85400000,87700000,90000000,92400000,94900000,97400000,99900000,102000000,105000000
Fiji,393000,407000,422000,436000,450000,464000,476000,488000,499000,510000,521000,532000,543000,554000,565000,577000,588000,598000,609000,622000,635000,651000,668000,685000,700000,712000,719000,722000,723000,725000,729000,735000,745000,755000,766000,775000,784000,793000,800000,806000,811000,814000,816000,817000,818000,822000,827000,835000,843000,852000,860000,867000,874000,880000,886000,892000,899000,906000
Finland,4430000,4460000,4490000,4520000,4550000,4560000,4580000,4610000,4630000,4620000,4610000,4610000,4640000,4670000,4690000,4710000,4730000,4740000,4750000,4760000,4780000,4800000,4830000,4860000,4880000,4900000,4920000,4930000,4950000,4960000,4990000,5010000,5040000,5070000,5090000,5110000,5120000,5140000,5150000,5170000,5180000,5190000,5200000,5210000,5230000,5250000,5270000,5290000,5310000,5340000,5360000,5390000,5410000,5440000,5460000,5480000,5500000,5510000
France,46800000,47400000,48100000,48800000,49400000,50000000,50500000,50900000,51300000,51600000,52000000,52500000,53000000,53400000,53900000,54300000,54500000,54800000,54900000,55100000,55300000,55600000,55900000,56200000,56500000,56800000,57100000,57500000,57800000,58200000,58500000,58600000,58900000,59100000,59300000,59500000,59800000,60000000,60200000,60500000,60900000,61400000,61800000,62200000,62700000,63200000,63600000,64000000,64400000,64700000,65000000,65300000,65700000,66000000,66300000,66600000,66900000,67100000
Gabon,499000,504000,510000,516000,524000,533000,543000,554000,566000,578000,590000,602000,613000,625000,637000,650000,664000,679000,695000,712000,729000,748000,767000,787000,808000,830000,853000,877000,901000,927000,952000,978000,1000000,1030000,1060000,1090000,1110000,1140000,1170000,1200000,1230000,1260000,1290000,1330000,1360000,1400000,1440000,1490000,1540000,1590000,1640000,1700000,1760000,1820000,1880000,1930000,1980000,2030000
Gambia,368000,377000,384000,389000,395000,401000,408000,416000,426000,436000,447000,460000,475000,490000,506000,521000,536000,552000,568000,585000,604000,625000,648000,673000,701000,732000,767000,804000,843000,881000,917000,949000,980000,1010000,1040000,1070000,1100000,1130000,1160000,1200000,1230000,1270000,1310000,1350000,1400000,1440000,1490000,1540000,1590000,1640000,1690000,1750000,1800000,1860000,1920000,1980000,2040000,2100000
Georgia,3650000,3700000,3760000,3820000,3870000,3920000,3970000,4010000,4040000,4080000,4120000,4160000,4210000,4240000,4280000,4310000,4340000,4370000,4400000,4430000,4470000,4500000,4540000,4580000,4620000,4660000,4700000,4740000,4790000,4800000,4800000,4840000,4870000,4910000,4860000,4730000,4620000,4530000,4490000,4450000,4420000,4390000,4360000,4300000,4250000,4190000,4140000,4080000,4030000,3980000,3930000,3880000,3830000,3780000,3730000,3720000,3720000,3720000
Germany,72800000,73400000,74000000,74700000,75300000,76000000,76600000,77000000,77300000,77900000,78200000,78300000,78700000,78900000,79000000,78700000,78300000,78200000,78100000,78100000,78300000,78400000,78300000,78100000,77900000,77700000,77700000,77800000,78100000,78800000,79400000,80000000,80600000,81200000,81400000,81700000,81900000,82000000,82000000,82100000,82200000,82300000,82500000,82500000,82500000,82500000,82400000,82300000,82100000,81900000,81800000,80300000,80400000,80600000,81000000,81700000,82300000,82700000
Ghana,6650000,6870000,7090000,7300000,7510000,7710000,7890000,8060000,8220000,8400000,8600000,8830000,9080000,9350000,9600000,9830000,10000000,10200000,10400000,10600000,10800000,11100000,11500000,11900000,12300000,12700000,13100000,13500000,13900000,14200000,14600000,15000000,15500000,15900000,16300000,16800000,17200000,17600000,18000000,18500000,18900000,19400000,19900000,20400000,21000000,21500000,22100000,22700000,23300000,23900000,24500000,25100000,25700000,26300000,27000000,27600000,28200000,28800000
Greece,8330000,8400000,8450000,8480000,8510000,8550000,8610000,8680000,8740000,8770000,8790000,8830000,8890000,8930000,8960000,9050000,9190000,9310000,9430000,9550000,9640000,9730000,9790000,9850000,9900000,9930000,9970000,10000000,10000000,10100000,10200000,10300000,10400000,10500000,10500000,10600000,10600000,10700000,10700000,10800000,10800000,10900000,10900000,10900000,11000000,11000000,11000000,11000000,11100000,11100000,11100000,11100000,11000000,11000000,10900000,10800000,10800000,10800000
Grenada,89900,91300,92400,93400,94100,94600,94900,95000,94900,94700,94400,94200,93900,93600,93200,92400,91400,90200,89100,88600,89000,90600,93100,96000,98400,99900,100000,99400,98100,96900,96300,96500,97200,98300,99400,100000,101000,101000,101000,101000,102000,102000,102000,102000,103000,103000,103000,104000,104000,104000,105000,105000,105000,106000,106000,107000,107000,108000
Guatemala,4210000,4340000,4460000,4600000,4730000,4870000,5010000,5160000,5310000,5470000,5620000,5780000,5940000,6100000,6270000,6430000,6600000,6770000,6930000,7110000,7280000,7470000,7650000,7850000,8040000,8240000,8440000,8640000,8840000,9050000,9260000,9480000,9710000,9940000,10200000,10400000,10600000,10900000,11100000,11400000,11700000,11900000,12200000,12500000,12800000,13100000,13400000,13700000,14000000,14300000,14600000,14900000,15300000,15600000,15900000,16300000,16600000,16900000
Guinea,3580000,3630000,3690000,3750000,3810000,3880000,3950000,4020000,4100000,4160000,4220000,4260000,4300000,4320000,4350000,4360000,4380000,4400000,4420000,4460000,4510000,4590000,4690000,4810000,4940000,5080000,5230000,5380000,5550000,5770000,6040000,6370000,6760000,7160000,7540000,7870000,8130000,8340000,8500000,8650000,8810000,8970000,9140000,9310000,9490000,9680000,9880000,10100000,10300000,10600000,10800000,11000000,11300000,11500000,11800000,12100000,12400000,12700000
Guinea-Bissau,616000,623000,630000,637000,644000,653000,662000,673000,685000,698000,712000,726000,741000,756000,769000,778000,784000,787000,788000,792000,801000,815000,833000,854000,877000,900000,922000,944000,966000,989000,1010000,1040000,1060000,1090000,1110000,1140000,1160000,1180000,1200000,1220000,1240000,1270000,1290000,1320000,1350000,1380000,1410000,1450000,1480000,1520000,1560000,1600000,1640000,1680000,1730000,1770000,1820000,1860000
Guyana,572000,589000,606000,623000,638000,652000,665000,676000,686000,696000,705000,714000,722000,730000,738000,746000,754000,762000,770000,776000,780000,782000,781000,779000,775000,770000,764000,758000,751000,746000,743000,744000,748000,753000,758000,761000,762000,761000,758000,755000,753000,752000,752000,752000,752000,751000,750000,748000,746000,746000,747000,749000,753000,758000,763000,769000,773000,778000
Haiti,3870000,3940000,4020000,4100000,4190000,4270000,4360000,4450000,4530000,4620000,4710000,4790000,4880000,4960000,5050000,5140000,5240000,5340000,5450000,5570000,5690000,5820000,5960000,6100000,6240000,6380000,6530000,6670000,6810000,6960000,7100000,7240000,7390000,7530000,7670000,7820000,7970000,8110000,8260000,8400000,8550000,8690000,8830000,8980000,9120000,9260000,9410000,9560000,9710000,9850000,10000000,10100000,10300000,10400000,10600000,10700000,10800000,11000000
Honduras,2040000,2100000,2160000,2220000,2280000,2350000,2410000,2490000,2560000,2640000,2720000,2800000,2880000,2970000,3060000,3150000,3250000,3350000,3460000,3570000,3680000,3790000,3910000,4030000,4150000,4280000,4410000,4540000,4680000,4810000,4960000,5100000,5250000,5400000,5550000,5710000,5870000,6030000,6190000,6360000,6520000,6690000,6860000,7030000,7200000,7370000,7540000,7710000,7870000,8040000,8190000,8350000,8510000,8660000,8810000,8960000,9110000,9270000
Hungary,9980000,10000000,10100000,10100000,10100000,10100000,10200000,10200000,10300000,10300000,10300000,10400000,10400000,10400000,10500000,10500000,10600000,10600000,10700000,10700000,10700000,10700000,10700000,10700000,10700000,10600000,10600000,10600000,10600000,10500000,10400000,10400000,10400000,10400000,10300000,10300000,10300000,10300000,10300000,10200000,10200000,10200000,10200000,10100000,10100000,10100000,10100000,10100000,10000000,10000000,10000000,9970000,9920000,9890000,9870000,9840000,9810000,9780000
Iceland,176000,179000,182000,186000,189000,192000,196000,199000,201000,203000,204000,206000,209000,212000,215000,218000,220000,222000,224000,226000,228000,231000,234000,237000,240000,241000,243000,246000,250000,253000,255000,258000,261000,264000,266000,267000,269000,271000,274000,277000,281000,285000,288000,290000,292000,297000,304000,312000,317000,318000,318000,319000,321000,324000,327000,331000,335000,341000
India,449000000,458000000,468000000,478000000,487000000,498000000,508000000,519000000,530000000,542000000,554000000,566000000,579000000,593000000,607000000,621000000,636000000,650000000,666000000,681000000,697000000,713000000,730000000,747000000,764000000,782000000,799000000,817000000,834000000,852000000,870000000,888000000,906000000,924000000,942000000,960000000,979000000,997000000,1020000000,1030000000,1050000000,1070000000,1090000000,1110000000,1130000000,1140000000,1160000000,1180000000,1200000000,1210000000,1230000000,1250000000,1260000000,1280000000,1290000000,1310000000,1320000000,1340000000
Indonesia,87800000,90100000,92600000,95100000,97600000,100000000,103000000,106000000,109000000,112000000,115000000,118000000,121000000,124000000,127000000,131000000,134000000,137000000,141000000,144000000,147000000,151000000,155000000,158000000,162000000,165000000,168000000,172000000,175000000,178000000,181000000,185000000,188000000,191000000,194000000,197000000,200000000,203000000,206000000,209000000,212000000,215000000,218000000,221000000,224000000,227000000,230000000,233000000,236000000,239000000,243000000,246000000,249000000,252000000,255000000,258000000,261000000,264000000
Iran,21900000,22500000,23100000,23700000,24300000,25000000,25600000,26300000,27000000,27800000,28500000,29300000,30100000,30900000,31800000,32700000,33700000,34800000,36000000,37300000,38700000,40200000,41900000,43600000,45500000,47300000,49300000,51200000,53100000,54800000,56200000,57400000,58300000,59000000,59700000,60600000,61600000,62700000,63900000,65100000,66100000,67100000,68000000,68800000,69600000,70400000,71200000,72000000,72800000,73700000,74600000,75500000,76500000,77400000,78400000,79400000,80300000,81200000
Iraq,7290000,7480000,7670000,7890000,8120000,8380000,8650000,8950000,9260000,9590000,9920000,10300000,10600000,11000000,11300000,11700000,12100000,12500000,12900000,13300000,13700000,14000000,14400000,14800000,15200000,15600000,15900000,16300000,16700000,17000000,17500000,17900000,18500000,19000000,19600000,20200000,20800000,21500000,22200000,22900000,23600000,24300000,24900000,25600000,26300000,27000000,27700000,28400000,29100000,29900000,30800000,31700000,32800000,33900000,35000000,36100000,37200000,38300000
Ireland,2830000,2820000,2840000,2850000,2870000,2880000,2890000,2900000,2920000,2930000,2960000,2990000,3040000,3090000,3140000,3190000,3240000,3280000,3330000,3370000,3410000,3450000,3490000,3510000,3530000,3540000,3540000,3540000,3520000,3510000,3510000,3530000,3560000,3580000,3590000,3610000,3640000,3670000,3710000,3750000,3810000,3870000,3930000,4000000,4070000,4160000,4270000,4400000,4490000,4540000,4560000,4580000,4600000,4620000,4660000,4700000,4760000,4810000
Israel,2110000,2190000,2290000,2380000,2480000,2560000,2630000,2750000,2800000,2880000,2970000,3070000,3150000,3280000,3380000,3460000,3530000,3610000,3690000,3790000,3880000,3960000,4030000,4110000,4160000,4230000,4300000,4370000,4440000,4520000,4660000,4950000,5120000,5260000,5400000,5550000,5690000,5840000,5970000,6130000,6290000,6440000,6570000,6690000,6810000,6930000,7050000,7180000,7310000,7490000,7620000,7770000,7910000,8060000,8220000,8380000,8550000,8710000
Italy,50200000,50500000,50900000,51300000,51700000,52100000,52500000,52900000,53200000,53500000,53800000,54100000,54400000,54800000,55100000,55400000,55700000,56000000,56200000,56300000,56400000,56500000,56500000,56600000,56600000,56600000,56600000,56600000,56600000,56700000,56700000,56800000,56800000,56800000,56800000,56800000,56900000,56900000,56900000,56900000,56900000,57000000,57100000,57300000,57700000,58000000,58100000,58400000,58800000,59100000,59300000,59400000,59500000,60200000,60800000,60700000,60600000,60600000
Jamaica,1630000,1650000,1680000,1700000,1730000,1760000,1780000,1800000,1830000,1850000,1880000,1900000,1930000,1970000,2000000,2030000,2060000,2080000,2110000,2130000,2160000,2200000,2240000,2270000,2310000,2340000,2360000,2380000,2390000,2410000,2420000,2440000,2470000,2490000,2510000,2540000,2560000,2590000,2610000,2630000,2660000,2680000,2700000,2710000,2730000,2740000,2760000,2780000,2790000,2800000,2820000,2830000,2840000,2850000,2860000,2870000,2880000,2890000
Japan,92500000,94900000,95800000,96800000,97800000,98900000,99800000,101000000,101000000,103000000,104000000,106000000,107000000,108000000,110000000,112000000,113000000,114000000,115000000,116000000,117000000,118000000,118000000,119000000,120000000,121000000,121000000,122000000,123000000,123000000,124000000,124000000,124000000,125000000,125000000,125000000,126000000,126000000,126000000,127000000,127000000,127000000,127000000,128000000,128000000,128000000,128000000,128000000,128000000,128000000,128000000,128000000,128000000,127000000,127000000,127000000,127000000,127000000
Jordan,932000,973000,1010000,1050000,1100000,1170000,1270000,1380000,1500000,1620000,1720000,1810000,1880000,1950000,2000000,2060000,2120000,2180000,2230000,2300000,2370000,2460000,2560000,2670000,2780000,2900000,3010000,3130000,3250000,3400000,3560000,3750000,3970000,4190000,4400000,4570000,4720000,4830000,4930000,5010000,5100000,5190000,5290000,5400000,5540000,5710000,5930000,6190000,6490000,6820000,7180000,7570000,7990000,8410000,8810000,9160000,9460000,9700000
Kazakhstan,9710000,10100000,10500000,10900000,11300000,11600000,11900000,12100000,12300000,12600000,12800000,13000000,13200000,13400000,13600000,13800000,13900000,14100000,14200000,14400000,14500000,14700000,14900000,15000000,15200000,15400000,15600000,15800000,16000000,16200000,16300000,16500000,16400000,16300000,16100000,15800000,15600000,15300000,15100000,14900000,14900000,14900000,14900000,14900000,15000000,15100000,15300000,15500000,15700000,16100000,16300000,16600000,16800000,17000000,17300000,17500000,17800000,18000000
Kenya,8110000,8360000,8630000,8910000,9200000,9500000,9820000,10200000,10500000,10900000,11300000,11700000,12100000,12500000,13000000,13500000,14000000,14500000,15100000,15700000,16300000,16900000,17600000,18200000,18900000,19700000,20400000,21100000,21900000,22600000,23400000,24200000,25000000,25800000,26500000,27300000,28100000,29000000,29800000,30600000,31500000,32300000,33200000,34100000,35100000,36000000,37100000,38100000,39100000,40200000,41400000,42500000,43600000,44800000,46000000,47200000,48500000,49700000
Kiribati,41200,42300,43300,44400,45400,46500,47500,48400,49400,50300,51200,52000,52800,53600,54400,55200,56000,56800,57700,58500,59300,60100,60900,61800,62800,64000,65500,67300,69100,70900,72400,73700,74800,75700,76700,77700,78900,80200,81600,83000,84400,85900,87300,88900,90500,92300,94300,96300,98400,101000,103000,105000,107000,109000,110000,112000,114000,116000
Kuwait,270000,301000,338000,380000,425000,474000,525000,579000,635000,691000,747000,801000,855000,909000,965000,1020000,1090000,1160000,1230000,1300000,1370000,1440000,1510000,1580000,1660000,1740000,1840000,1940000,2040000,2100000,2100000,2040000,,,,1610000,1630000,1720000,1840000,1960000,2050000,2110000,2140000,2170000,2210000,2280000,2380000,2500000,2650000,2820000,3000000,3190000,3400000,3600000,3780000,3940000,4050000,4140000
Kyrgyz Republic,2170000,2260000,2330000,2410000,2500000,2570000,2660000,2740000,2820000,2890000,2960000,3020000,3090000,3150000,3220000,3290000,3360000,3420000,3490000,3550000,3620000,3690000,3760000,3840000,3920000,3990000,4070000,4140000,4220000,4310000,4390000,4460000,4520000,4520000,4520000,4560000,4630000,4700000,4770000,4840000,4900000,4950000,4990000,5040000,5100000,5160000,5220000,5270000,5320000,5380000,5450000,5510000,5610000,5720000,5840000,5960000,6080000,6200000
Lao,2120000,2170000,2220000,2270000,2330000,2380000,2440000,2500000,2560000,2620000,2690000,2760000,2840000,2920000,2990000,3050000,3100000,3140000,3170000,3210000,3260000,3320000,3400000,3490000,3590000,3690000,3790000,3910000,4020000,4140000,4260000,4380000,4500000,4620000,4740000,4850000,4960000,5060000,5150000,5240000,5330000,5410000,5500000,5580000,5660000,5750000,5850000,5950000,6050000,6150000,6250000,6330000,6420000,6490000,6580000,6660000,6760000,6860000
Latvia,2120000,2150000,2180000,2210000,2240000,2270000,2280000,2300000,2320000,2340000,2360000,2380000,2400000,2420000,2440000,2460000,2470000,2490000,2500000,2510000,2510000,2520000,2530000,2550000,2560000,2580000,2600000,2630000,2650000,2670000,2660000,2650000,2610000,2560000,2520000,2490000,2460000,2430000,2410000,2390000,2370000,2340000,2310000,2290000,2260000,2240000,2220000,2200000,2180000,2140000,2100000,2060000,2030000,2010000,1990000,1980000,1960000,1940000
Lebanon,1800000,1860000,1930000,1980000,2040000,2090000,2140000,2170000,2210000,2250000,2300000,2350000,2420000,2480000,2540000,2580000,2600000,2610000,2600000,2600000,2610000,2620000,2630000,2650000,2670000,2680000,2680000,2670000,2670000,2680000,2700000,2750000,2820000,2900000,2970000,3030000,3070000,3090000,3110000,3160000,3240000,3360000,3520000,3700000,3860000,3990000,4060000,4090000,4110000,4180000,4340000,4590000,4920000,5280000,5600000,5850000,6010000,6080000
Lesotho,852000,866000,882000,899000,916000,934000,952000,972000,991000,1010000,1030000,1050000,1080000,1100000,1120000,1150000,1180000,1210000,1240000,1280000,1310000,1340000,1380000,1410000,1440000,1470000,1500000,1530000,1550000,1580000,1600000,1630000,1670000,1700000,1730000,1760000,1790000,1810000,1830000,1850000,1870000,1890000,1900000,1920000,1930000,1950000,1970000,1980000,2000000,2020000,2040000,2060000,2090000,2120000,2150000,2170000,2200000,2230000
Liberia,1120000,1140000,1170000,1200000,1220000,1250000,1280000,1310000,1350000,1380000,1420000,1450000,1490000,1540000,1580000,1630000,1670000,1720000,1770000,1830000,1890000,1960000,2030000,2100000,2160000,2190000,2200000,2190000,2170000,2130000,2100000,2060000,2020000,2000000,2010000,2070000,2190000,2360000,2550000,2730000,2880000,2990000,3060000,3120000,3180000,3260000,3380000,3510000,3660000,3810000,3950000,4070000,4180000,4290000,4390000,4500000,4610000,4730000
Libya,1450000,1500000,1550000,1610000,1670000,1730000,1800000,1880000,1960000,2040000,2130000,2230000,2330000,2430000,2540000,2650000,2750000,2870000,2980000,3100000,3220000,3350000,3480000,3610000,3750000,3870000,3990000,4110000,4220000,4330000,4440000,4540000,4650000,4760000,4860000,4950000,5040000,5120000,5200000,5270000,5360000,5440000,5530000,5620000,5700000,5790000,5880000,5970000,6050000,6120000,6170000,6190000,6200000,6200000,6200000,6230000,6290000,6370000
Liechtenstein,16500,16900,17300,17700,18200,18600,19200,19700,20200,20800,21300,21700,22200,22600,23000,23400,23900,24400,25000,25400,25900,26200,26500,26800,27000,27300,27500,27800,28100,28400,28700,29100,29500,29900,30400,30800,31300,31800,32400,32800,33300,33700,34000,34300,34600,34900,35100,35300,35500,35800,36000,36300,36500,36800,37100,37400,37700,37900
Lithuania,2780000,2820000,2860000,2900000,2940000,2970000,3010000,3040000,3080000,3110000,3140000,3180000,3210000,3240000,3270000,3300000,3330000,3360000,3380000,3400000,3410000,3430000,3460000,3490000,3510000,3540000,3580000,3620000,3660000,3680000,3700000,3700000,3700000,3680000,3660000,3630000,3600000,3580000,3550000,3520000,3500000,3470000,3440000,3420000,3380000,3320000,3270000,3230000,3200000,3160000,3100000,3030000,2990000,2960000,2930000,2900000,2870000,2830000
Luxembourg,314000,317000,321000,324000,328000,332000,334000,335000,336000,338000,339000,342000,347000,350000,355000,359000,361000,361000,362000,363000,364000,365000,366000,366000,366000,367000,368000,371000,373000,377000,382000,387000,392000,397000,403000,409000,414000,419000,425000,430000,436000,442000,446000,452000,458000,465000,473000,480000,489000,498000,507000,518000,531000,543000,556000,570000,582000,599000
"Macedonia, FYR",1490000,1510000,1530000,1550000,1570000,1590000,1620000,1640000,1670000,1700000,1720000,1740000,1750000,1770000,1780000,1800000,1830000,1850000,1880000,1900000,1920000,1940000,1960000,1970000,1970000,1980000,1990000,1990000,2000000,2000000,2000000,1990000,1990000,1980000,1980000,1980000,1990000,2000000,2010000,2020000,2030000,2040000,2050000,2050000,2060000,2060000,2060000,2070000,2070000,2070000,2070000,2070000,2070000,2080000,2080000,2080000,2080000,2080000
Madagascar,5100000,5220000,5350000,5490000,5630000,5770000,5920000,6070000,6230000,6400000,6580000,6760000,6950000,7140000,7350000,7560000,7770000,8000000,8230000,8470000,8720000,8970000,9230000,9500000,9780000,10100000,10400000,10600000,11000000,11300000,11600000,11900000,12300000,12700000,13100000,13500000,13900000,14300000,14800000,15300000,15800000,16300000,16800000,17300000,17800000,18300000,18900000,19400000,20000000,20600000,21200000,21700000,22300000,23000000,23600000,24200000,24900000,25600000
Malawi,3620000,3700000,3780000,3870000,3960000,4060000,4160000,4260000,4370000,4480000,4600000,4730000,4860000,5000000,5140000,5290000,5450000,5630000,5810000,5990000,6160000,6330000,6480000,6660000,6900000,7210000,7630000,8120000,8640000,9090000,9440000,9640000,9730000,9760000,9800000,9910000,10100000,10400000,10700000,11000000,11400000,11700000,12000000,12300000,12700000,13000000,13400000,13800000,14300000,14700000,15200000,15600000,16100000,16600000,17100000,17600000,18100000,18600000
Malaysia,8160000,8420000,8690000,8970000,9250000,9530000,9790000,10000000,10300000,10500000,10800000,11100000,11300000,11600000,11900000,12200000,12500000,12800000,13100000,13500000,13800000,14100000,14500000,14800000,15200000,15600000,16000000,16500000,17000000,17500000,18000000,18500000,19000000,19500000,20000000,20500000,21000000,21600000,22100000,22700000,23200000,23700000,24200000,24700000,25200000,25700000,26100000,26600000,27100000,27600000,28100000,28600000,29200000,29700000,30200000,30700000,31200000,31600000
Maldives,89900,92400,94900,97600,100000,103000,105000,108000,110000,113000,116000,119000,123000,128000,132000,137000,141000,145000,149000,153000,158000,164000,170000,176000,183000,190000,196000,203000,210000,217000,223000,230000,236000,242000,248000,254000,259000,264000,269000,274000,280000,287000,294000,302000,310000,319000,327000,336000,345000,355000,365000,375000,386000,397000,408000,418000,428000,436000
Mali,5260000,5320000,5380000,5440000,5500000,5570000,5640000,5710000,5780000,5860000,5950000,6040000,6150000,6260000,6370000,6480000,6600000,6710000,6830000,6960000,7090000,7230000,7390000,7540000,7690000,7830000,7960000,8070000,8180000,8310000,8470000,8650000,8870000,9110000,9350000,9600000,9860000,10100000,10400000,10700000,11000000,11300000,11600000,12000000,12400000,12800000,13200000,13700000,14100000,14600000,15100000,15500000,16000000,16500000,17000000,17500000,18000000,18500000
Malta,327000,325000,324000,323000,321000,319000,315000,312000,308000,304000,303000,303000,302000,302000,302000,304000,306000,307000,310000,313000,317000,319000,326000,331000,331000,336000,342000,344000,347000,351000,354000,364000,368000,371000,375000,377000,380000,383000,385000,388000,390000,393000,396000,399000,401000,404000,405000,407000,409000,412000,415000,416000,420000,426000,435000,445000,455000,465000
Marshall Islands,14700,15100,15500,16100,16700,17300,17800,18400,19000,19600,20400,21300,22300,23400,24500,25600,26600,27500,28400,29400,30600,31900,33300,34900,36600,38300,40200,42200,44100,45800,47300,48500,49400,50000,50600,51000,51400,51700,51900,52100,52200,52200,52200,52100,52100,52100,52100,52100,52200,52300,52400,52500,52700,52800,52900,53000,53100,53100
Mauritania,858000,883000,909000,936000,964000,992000,1020000,1050000,1080000,1120000,1150000,1180000,1220000,1250000,1290000,1330000,1370000,1410000,1450000,1490000,1530000,1580000,1630000,1670000,1720000,1770000,1820000,1870000,1920000,1980000,2030000,2090000,2140000,2200000,2260000,2330000,2400000,2470000,2550000,2630000,2710000,2790000,2870000,2960000,3040000,3130000,3220000,3310000,3410000,3510000,3610000,3720000,3830000,3950000,4060000,4180000,4300000,4420000
Mauritius,659000,681000,700000,719000,736000,753000,769000,784000,798000,812000,826000,839000,852000,865000,878000,892000,907000,921000,933000,950000,966000,980000,993000,1000000,1010000,1020000,1030000,1040000,1040000,1050000,1060000,1070000,1080000,1100000,1110000,1120000,1130000,1150000,1160000,1180000,1190000,1200000,1200000,1210000,1220000,1230000,1230000,1240000,1240000,1250000,1250000,1250000,1260000,1260000,1260000,1260000,1260000,1260000
Mexico,38200000,39400000,40600000,41900000,43300000,44600000,46000000,47400000,48900000,50400000,52000000,53700000,55500000,57300000,59100000,60900000,62600000,64300000,66000000,67700000,69400000,71000000,72600000,74200000,75800000,77400000,78900000,80500000,82100000,83700000,85400000,87100000,88800000,90600000,92300000,94000000,95700000,97300000,98800000,100000000,102000000,103000000,104000000,106000000,107000000,108000000,110000000,112000000,114000000,116000000,117000000,119000000,121000000,123000000,124000000,126000000,128000000,129000000
"Micronesia, Fed. Sts.",44500,46000,47400,48900,50500,52200,54200,56300,58400,60200,61400,62100,62300,62300,62500,63100,64400,66100,68200,70600,73000,75500,78100,80700,83200,85700,87900,90000,92000,94100,96300,98800,101000,104000,106000,108000,108000,109000,108000,108000,107000,107000,107000,107000,107000,106000,106000,105000,104000,104000,104000,103000,104000,104000,104000,104000,105000,106000
Moldova,2540000,2610000,2660000,2720000,2770000,2830000,2870000,2920000,2960000,3000000,3040000,3090000,3130000,3170000,3220000,3250000,3280000,3310000,3340000,3370000,3400000,3430000,3460000,3500000,3540000,3570000,3600000,3630000,3660000,3680000,3700000,3700000,3710000,3700000,3690000,3680000,3670000,3650000,3650000,3650000,3640000,3630000,3620000,3610000,3600000,3600000,3590000,3580000,3570000,3570000,3560000,3560000,3560000,3560000,3560000,3550000,3550000,3550000
Monaco,22500,22800,23000,23200,23200,23300,23300,23300,23300,23300,23500,23700,24100,24400,24800,25200,25500,25800,26100,26400,26700,27200,27600,28100,28500,28800,29000,29200,29200,29300,29400,29600,29900,30100,30400,30700,31000,31300,31500,31800,32100,32400,32600,32900,33300,33800,34400,35100,35900,36500,37100,37500,37800,38000,38100,38300,38500,38700
Mongolia,956000,982000,1010000,1040000,1070000,1110000,1140000,1170000,1210000,1240000,1280000,1320000,1360000,1400000,1440000,1480000,1520000,1560000,1600000,1650000,1690000,1730000,1780000,1820000,1870000,1920000,1980000,2030000,2090000,2140000,2180000,2220000,2240000,2260000,2280000,2300000,2320000,2340000,2360000,2380000,2400000,2420000,2440000,2470000,2500000,2530000,2560000,2590000,2630000,2670000,2710000,2760000,2810000,2870000,2920000,2980000,3030000,3080000
Montenegro,481000,491000,503000,513000,522000,526000,526000,523000,517000,513000,512000,515000,522000,530000,539000,546000,553000,558000,562000,567000,573000,579000,587000,595000,601000,605000,608000,608000,607000,607000,606000,607000,609000,610000,611000,612000,611000,610000,608000,606000,605000,607000,610000,612000,613000,614000,615000,616000,617000,618000,619000,620000,621000,621000,622000,622000,622000,622000
Morocco,12300000,12700000,13100000,13500000,13900000,14200000,14600000,15000000,15300000,15700000,16000000,16300000,16700000,17000000,17400000,17800000,18200000,18600000,19100000,19500000,20000000,20500000,21000000,21500000,22000000,22500000,23000000,23500000,24000000,24400000,24900000,25300000,25800000,26200000,26700000,27100000,27500000,27800000,28200000,28500000,28800000,29200000,29500000,29800000,30200000,30500000,30900000,31200000,31600000,32000000,32400000,32900000,33300000,33800000,34300000,34800000,35300000,35700000
Mozambique,7390000,7540000,7700000,7860000,8030000,8200000,8380000,8570000,8760000,8950000,9160000,9380000,9600000,9830000,10100000,10300000,10600000,10900000,11200000,11600000,11800000,12100000,12400000,12700000,12900000,13000000,13000000,13000000,13000000,13100000,13200000,13600000,14100000,14600000,15200000,15800000,16200000,16700000,17100000,17600000,18100000,18600000,19100000,19700000,20300000,20900000,21500000,22200000,22800000,23500000,24200000,24900000,25700000,26400000,27200000,28000000,28800000,29700000
Myanmar,21000000,21400000,21900000,22400000,22900000,23400000,23900000,24500000,25100000,25700000,26400000,27000000,27700000,28300000,29000000,29700000,30400000,31100000,31900000,32600000,33400000,34100000,34900000,35700000,36500000,37200000,38000000,38700000,39400000,40000000,40600000,41200000,41700000,42200000,42700000,43200000,43800000,44400000,45000000,45500000,46100000,46600000,47100000,47600000,48100000,48500000,48800000,49200000,49500000,49800000,50200000,50600000,51000000,51400000,51900000,52400000,52900000,53400000
Namibia,603000,617000,633000,649000,665000,683000,700000,719000,738000,758000,780000,804000,829000,855000,881000,905000,928000,949000,970000,991000,1010000,1030000,1060000,1080000,1110000,1150000,1190000,1250000,1300000,1360000,1410000,1470000,1510000,1560000,1610000,1660000,1710000,1760000,1810000,1860000,1900000,1930000,1960000,1990000,2010000,2030000,2060000,2080000,2110000,2140000,2170000,2220000,2260000,2320000,2370000,2430000,2480000,2530000
Nauru,4430,4680,4950,5230,5500,5740,5930,6100,6240,6370,6500,6620,6740,6860,6970,7070,7150,7230,7310,7400,7490,7590,7720,7850,8010,8170,8350,8550,8760,8950,9160,9350,9550,9720,9860,9970,10000,10100,10000,10000,10000,10100,10100,10100,10100,10100,10100,10000,9950,9950,10000,10100,10300,10800,11900,12500,13000,13600
Nepal,10100000,10200000,10400000,10600000,10700000,10900000,11100000,11300000,11500000,11800000,12000000,12200000,12500000,12800000,13000000,13300000,13600000,13900000,14200000,14600000,14900000,15200000,15600000,16000000,16300000,16700000,17100000,17500000,17900000,18300000,18700000,19200000,19800000,20300000,20900000,21400000,21900000,22400000,22900000,23300000,23700000,24200000,24600000,25000000,25300000,25600000,25900000,26200000,26500000,26700000,27000000,27300000,27600000,28000000,28300000,28700000,29000000,29300000
Netherlands,11500000,11600000,11800000,12000000,12100000,12300000,12500000,12600000,12700000,12900000,13000000,13200000,13300000,13400000,13500000,13700000,13800000,13900000,13900000,14000000,14100000,14200000,14300000,14400000,14400000,14500000,14600000,14700000,14800000,14800000,15000000,15100000,15200000,15300000,15400000,15500000,15500000,15600000,15700000,15800000,15900000,16000000,16100000,16200000,16300000,16300000,16300000,16400000,16400000,16500000,16600000,16700000,16800000,16800000,16900000,16900000,17000000,17100000
New Zealand,2370000,2420000,2480000,2530000,2590000,2630000,2680000,2720000,2750000,2770000,2810000,2850000,2900000,2960000,3020000,3080000,3110000,3120000,3120000,3110000,3110000,3120000,3160000,3200000,3230000,3250000,3250000,3270000,3280000,3300000,3330000,3500000,3530000,3570000,3620000,3670000,3730000,3780000,3820000,3840000,3860000,3880000,3950000,4030000,4090000,4130000,4180000,4220000,4260000,4300000,4350000,4380000,4410000,4440000,4510000,4600000,4690000,4790000
Nicaragua,1770000,1830000,1890000,1940000,2000000,2060000,2130000,2190000,2260000,2330000,2400000,2470000,2550000,2630000,2710000,2800000,2880000,2970000,3070000,3160000,3250000,3340000,3440000,3530000,3620000,3710000,3800000,3880000,3970000,4060000,4140000,4240000,4330000,4430000,4520000,4610000,4700000,4790000,4870000,4950000,5030000,5100000,5170000,5240000,5310000,5380000,5450000,5520000,5590000,5670000,5740000,5810000,5880000,5950000,6010000,6080000,6150000,6220000
Niger,3390000,3490000,3590000,3690000,3800000,3910000,4030000,4140000,4260000,4390000,4510000,4640000,4770000,4900000,5040000,5180000,5330000,5490000,5650000,5820000,5990000,6160000,6340000,6530000,6720000,6920000,7120000,7320000,7540000,7770000,8010000,8270000,8550000,8840000,9150000,9480000,9820000,10200000,10600000,10900000,11400000,11800000,12200000,12700000,13100000,13600000,14100000,14700000,15200000,15800000,16400000,17100000,17700000,18400000,19100000,19900000,20700000,21500000
Nigeria,45100000,46100000,47000000,48000000,49100000,50100000,51200000,52300000,53500000,54700000,56000000,57300000,58700000,60100000,61700000,63400000,65200000,67200000,69300000,71400000,73500000,75500000,77500000,79500000,81500000,83600000,85800000,88100000,90500000,92800000,95300000,97700000,100000000,103000000,105000000,108000000,111000000,114000000,116000000,119000000,122000000,125000000,129000000,132000000,135000000,139000000,143000000,146000000,150000000,154000000,159000000,163000000,167000000,172000000,176000000,181000000,186000000,191000000
North Korea,11400000,11700000,11900000,12100000,12300000,12500000,12900000,13200000,13600000,14000000,14400000,14800000,15200000,15600000,16000000,16300000,16600000,16800000,17000000,17200000,17500000,17700000,18000000,18300000,18600000,18900000,19200000,19400000,19700000,20000000,20300000,20600000,20900000,21300000,21600000,21900000,22100000,22300000,22500000,22700000,22900000,23100000,23300000,23500000,23700000,23900000,24100000,24200000,24300000,24500000,24600000,24700000,24900000,25000000,25100000,25200000,25400000,25500000
Norway,3580000,3610000,3640000,3670000,3690000,3720000,3750000,3780000,3820000,3850000,3880000,3900000,3930000,3960000,3990000,4010000,4030000,4040000,4060000,4070000,4090000,4100000,4110000,4130000,4140000,4150000,4170000,4190000,4210000,4230000,4240000,4260000,4290000,4310000,4340000,4360000,4380000,4410000,4430000,4460000,4490000,4510000,4540000,4560000,4590000,4620000,4660000,4710000,4770000,4830000,4890000,4950000,5020000,5080000,5140000,5190000,5230000,5280000
Oman,552000,565000,579000,594000,609000,625000,642000,660000,680000,701000,724000,749000,776000,807000,842000,882000,927000,978000,1030000,1090000,1150000,1220000,1290000,1360000,1430000,1500000,1560000,1620000,1680000,1740000,1810000,1890000,1980000,2070000,2150000,2200000,2240000,2250000,2250000,2250000,2270000,2290000,2330000,2390000,2440000,2510000,2580000,2660000,2760000,2880000,3040000,3240000,3460000,3710000,3960000,4200000,4420000,4640000
Pakistan,44900000,46000000,47100000,48300000,49600000,50800000,52200000,53600000,55000000,56500000,58100000,59700000,61300000,63100000,64900000,66800000,68800000,70900000,73200000,75600000,78100000,80700000,83400000,86300000,89200000,92200000,95300000,98400000,101000000,105000000,108000000,111000000,114000000,117000000,120000000,123000000,126000000,129000000,132000000,135000000,139000000,142000000,145000000,148000000,151000000,154000000,157000000,160000000,164000000,167000000,171000000,174000000,178000000,182000000,186000000,189000000,193000000,197000000
Palau,9640,9900,10200,10400,10600,10800,10900,11100,11200,11300,11500,11700,11900,12000,12200,12300,12300,12200,12200,12100,12200,12400,12700,13000,13400,13700,14000,14200,14500,14800,15100,15500,15900,16300,16800,17300,17700,18100,18500,18900,19200,19400,19600,19700,19800,19900,20000,20100,20200,20300,20500,20600,20800,20900,21100,21300,21500,21700
Palestine,,,,,,,,,,,,,,,,,,,,,,,,,,,,,,,1980000,2070000,2160000,2260000,2370000,2470000,2590000,2710000,2780000,2850000,2920000,3000000,3080000,3150000,3240000,3320000,3410000,3490000,3600000,3700000,3810000,3930000,4050000,4170000,4290000,4420000,4550000,4680000
Panama,1130000,1170000,1200000,1240000,1280000,1310000,1350000,1390000,1430000,1480000,1520000,1560000,1610000,1650000,1700000,1750000,1790000,1840000,1880000,1930000,1980000,2030000,2070000,2120000,2170000,2220000,2270000,2320000,2370000,2420000,2470000,2520000,2580000,2630000,2680000,2740000,2800000,2850000,2910000,2970000,3030000,3090000,3150000,3210000,3270000,3330000,3390000,3450000,3520000,3580000,3640000,3710000,3770000,3840000,3900000,3970000,4030000,4100000
Papua New Guinea,2010000,2050000,2090000,2140000,2190000,2240000,2290000,2340000,2400000,2460000,2530000,2590000,2660000,2730000,2800000,2880000,2960000,3040000,3130000,3210000,3300000,3400000,3500000,3590000,3690000,3790000,3900000,4000000,4100000,4210000,4310000,4420000,4540000,4650000,4770000,4890000,5020000,5150000,5290000,5430000,5570000,5720000,5860000,6010000,6160000,6310000,6470000,6630000,6790000,6950000,7110000,7270000,7430000,7590000,7760000,7920000,8080000,8250000
Paraguay,1900000,1950000,2010000,2060000,2110000,2170000,2230000,2290000,2350000,2410000,2470000,2540000,2600000,2660000,2720000,2790000,2860000,2940000,3010000,3090000,3180000,3270000,3370000,3470000,3570000,3670000,3780000,3890000,3990000,4100000,4210000,4320000,4430000,4540000,4650000,4760000,4870000,4980000,5090000,5200000,5300000,5410000,5510000,5610000,5700000,5800000,5880000,5970000,6050000,6130000,6210000,6290000,6380000,6470000,6550000,6640000,6730000,6810000
Peru,10100000,10400000,10700000,11000000,11300000,11600000,11900000,12300000,12600000,13000000,13300000,13700000,14100000,14400000,14800000,15200000,15600000,16100000,16500000,16900000,17400000,17800000,18200000,18700000,19100000,19500000,20000000,20500000,20900000,21400000,21800000,22300000,22700000,23200000,23600000,24000000,24400000,24800000,25200000,25600000,25900000,26300000,26600000,26900000,27300000,27600000,27900000,28300000,28600000,29000000,29400000,29800000,30200000,30600000,31000000,31400000,31800000,32200000
Philippines,26300000,27200000,28100000,29000000,30000000,30900000,31900000,32800000,33800000,34800000,35800000,36900000,37900000,39000000,40100000,41300000,42500000,43700000,44900000,46100000,47400000,48700000,50100000,51500000,52900000,54300000,55800000,57300000,58800000,60400000,61900000,63500000,65100000,66700000,68200000,69800000,71400000,73100000,74700000,76300000,78000000,79700000,81400000,83000000,84700000,86300000,87800000,89300000,90800000,92200000,93700000,95300000,96900000,98500000,100000000,102000000,103000000,105000000
Poland,29600000,30000000,30300000,30700000,31100000,31400000,31700000,32000000,32300000,32500000,32700000,32800000,33100000,33400000,33700000,34000000,34400000,34700000,35000000,35200000,35600000,35900000,36200000,36600000,36900000,37200000,37500000,37700000,37800000,38000000,38100000,38200000,38400000,38500000,38500000,38600000,38600000,38600000,38700000,38700000,38300000,38200000,38200000,38200000,38200000,38200000,38100000,38100000,38100000,38200000,38000000,38100000,38100000,38000000,38000000,38000000,38000000,38000000
Portugal,8860000,8930000,8990000,9030000,9040000,9000000,8930000,8870000,8840000,8760000,8680000,8640000,8630000,8630000,8750000,9090000,9360000,9460000,9560000,9660000,9770000,9850000,9910000,9960000,10000000,10000000,10000000,10000000,10000000,10000000,9980000,9960000,9950000,9960000,9990000,10000000,10100000,10100000,10200000,10200000,10300000,10400000,10400000,10500000,10500000,10500000,10500000,10500000,10600000,10600000,10600000,10600000,10500000,10500000,10400000,10400000,10300000,10300000
Qatar,47400,51400,56300,61700,67600,73600,79800,86300,93200,101000,110000,119000,131000,142000,154000,164000,174000,182000,192000,205000,224000,248000,277000,309000,341000,371000,398000,422000,444000,462000,476000,487000,496000,502000,507000,513000,522000,535000,550000,569000,592000,617000,646000,689000,759000,865000,1010000,1190000,1390000,1590000,1780000,1950000,2110000,2250000,2370000,2480000,2570000,2640000
Romania,18400000,18600000,18700000,18800000,18900000,19000000,19200000,19500000,19800000,20000000,20300000,20500000,20700000,20800000,21000000,21300000,21600000,21800000,22000000,22100000,22200000,22400000,22500000,22600000,22700000,22800000,22900000,22900000,23100000,23200000,23200000,23000000,22800000,22800000,22700000,22700000,22600000,22600000,22500000,22500000,22400000,22100000,21700000,21600000,21500000,21300000,21200000,20900000,20500000,20400000,20200000,20100000,20100000,20000000,19900000,19800000,19700000,19600000
Russia,120000000,121000000,123000000,124000000,125000000,127000000,127000000,128000000,129000000,130000000,130000000,131000000,132000000,133000000,133000000,134000000,135000000,136000000,137000000,138000000,139000000,140000000,141000000,142000000,143000000,144000000,145000000,146000000,147000000,148000000,148000000,149000000,149000000,149000000,148000000,148000000,148000000,148000000,148000000,147000000,147000000,146000000,145000000,145000000,144000000,144000000,143000000,143000000,143000000,143000000,143000000,143000000,143000000,144000000,144000000,144000000,144000000,144000000
Rwanda,2930000,3000000,3050000,3100000,3160000,3230000,3320000,3420000,3530000,3640000,3750000,3870000,3980000,4100000,4230000,4360000,4500000,4650000,4800000,4970000,5140000,5320000,5490000,5670000,5880000,6120000,6410000,6730000,7030000,7220000,7240000,7050000,6700000,6300000,6010000,5930000,6120000,6520000,7060000,7590000,8030000,8330000,8540000,8680000,8820000,8990000,9210000,9450000,9710000,9980000,10200000,10500000,10800000,11100000,11300000,11600000,11900000,12200000
Samoa,109000,112000,116000,120000,123000,127000,131000,134000,138000,141000,143000,145000,147000,149000,150000,151000,152000,153000,154000,155000,156000,156000,157000,158000,159000,160000,161000,161000,161000,162000,163000,164000,166000,167000,169000,170000,171000,172000,173000,174000,175000,176000,177000,178000,179000,180000,181000,182000,184000,185000,186000,188000,189000,191000,192000,194000,195000,196000
San Marino,15400,15800,16200,16600,17000,17400,17800,18200,18600,18900,19100,19300,19400,19500,19600,19700,20000,20300,20700,21000,21400,21700,21900,22200,22500,22700,23000,23200,23500,23700,24000,24400,24700,25100,25500,25900,26200,26500,26800,27100,27400,27800,28100,28500,28900,29200,29600,30000,30400,30700,31100,31500,31900,32300,32700,33000,33200,33400
Sao Tome and Principe,64300,64600,64400,64200,64200,64800,66100,67900,70000,72200,74300,76000,77500,79000,80700,82600,84900,87400,90100,92600,94900,97000,98700,100000,102000,104000,105000,107000,109000,112000,114000,116000,119000,121000,124000,126000,129000,131000,133000,136000,139000,142000,145000,148000,152000,156000,159000,163000,167000,171000,175000,179000,183000,187000,191000,196000,200000,204000
Saudi Arabia,4090000,4220000,4360000,4520000,4680000,4840000,5020000,5190000,5390000,5600000,5840000,6100000,6390000,6710000,7060000,7430000,7820000,8230000,8680000,9180000,9740000,10400000,11000000,11800000,12500000,13200000,13900000,14500000,15200000,15800000,16300000,16900000,17400000,17900000,18300000,18700000,19100000,19500000,19900000,20300000,20800000,21300000,21900000,22600000,23200000,23900000,24600000,25300000,25900000,26700000,27400000,28200000,29100000,29900000,30800000,31600000,32300000,32900000
Senegal,3210000,3300000,3390000,3480000,3580000,3680000,3790000,3900000,4010000,4130000,4260000,4390000,4530000,4660000,4800000,4940000,5060000,5190000,5320000,5450000,5590000,5750000,5920000,6100000,6290000,6480000,6690000,6890000,7110000,7330000,7560000,7790000,8030000,8270000,8510000,8750000,8970000,9200000,9420000,9650000,9880000,10100000,10400000,10700000,11000000,11300000,11600000,11900000,12200000,12600000,12900000,13300000,13700000,14100000,14500000,15000000,15400000,15900000
Serbia,,,,,,,,,,,,,,,,,,,,,,,,,,,,,,,7590000,7600000,7650000,7700000,7730000,7630000,7620000,7600000,7570000,7540000,7520000,7500000,7500000,7480000,7460000,7440000,7410000,7380000,7350000,7320000,7290000,7230000,7200000,7160000,7130000,7100000,7060000,7020000
Seychelles,41700,42900,44000,45200,46300,47500,48700,49900,51100,52400,53600,54700,56000,56900,57900,59300,60500,61800,62200,62700,63300,64000,64400,64300,64700,65200,65700,68500,68800,69200,69500,70400,70800,72300,74200,75300,76400,77300,78800,80400,81100,81200,83700,82800,82500,82900,84600,85000,87000,87300,89800,87400,88300,89900,91400,93400,94700,95800
Sierra Leone,2300000,2330000,2360000,2400000,2440000,2470000,2510000,2550000,2600000,2640000,2690000,2750000,2800000,2860000,2930000,2990000,3060000,3130000,3210000,3290000,3370000,3450000,3530000,3610000,3700000,3800000,3910000,4030000,4150000,4250000,4310000,4340000,4330000,4310000,4280000,4270000,4280000,4310000,4350000,4440000,4560000,4740000,4960000,5200000,5440000,5660000,5850000,6020000,6170000,6310000,6460000,6610000,6770000,6920000,7080000,7240000,7400000,7560000
Singapore,1650000,1700000,1750000,1800000,1840000,1890000,1930000,1980000,2010000,2040000,2070000,2110000,2150000,2190000,2230000,2260000,2290000,2330000,2350000,2380000,2410000,2530000,2650000,2680000,2730000,2740000,2730000,2770000,2850000,2930000,3050000,3140000,3230000,3310000,3420000,3520000,3670000,3800000,3930000,3960000,4030000,4140000,4180000,4110000,4170000,4270000,4400000,4590000,4840000,4990000,5080000,5180000,5310000,5400000,5470000,5540000,5610000,5610000
Slovak Republic,4070000,4190000,4240000,4280000,4330000,4370000,4410000,4450000,4480000,4520000,4540000,4560000,4600000,4640000,4690000,4740000,4790000,4840000,4890000,4940000,4980000,5020000,5060000,5090000,5130000,5160000,5190000,5220000,5250000,5280000,5300000,5300000,5310000,5330000,5350000,5360000,5370000,5380000,5390000,5400000,5390000,5380000,5380000,5370000,5370000,5370000,5370000,5370000,5380000,5390000,5390000,5400000,5410000,5410000,5420000,5420000,5430000,5440000
Slovenia,1580000,1590000,1600000,1620000,1630000,1650000,1670000,1690000,1700000,1710000,1720000,1740000,1750000,1770000,1780000,1790000,1820000,1840000,1860000,1880000,1900000,1910000,1910000,1920000,1930000,1940000,1970000,1990000,2000000,2000000,2000000,2000000,2000000,1990000,1990000,1990000,1990000,1990000,1980000,1980000,1990000,1990000,1990000,2000000,2000000,2000000,2010000,2020000,2020000,2040000,2050000,2050000,2060000,2060000,2060000,2060000,2070000,2070000
Solomon Islands,118000,121000,125000,129000,133000,137000,141000,145000,150000,155000,160000,166000,173000,179000,186000,193000,201000,208000,215000,223000,231000,238000,246000,255000,263000,271000,279000,287000,295000,303000,312000,321000,330000,339000,349000,359000,369000,380000,391000,402000,413000,424000,435000,447000,458000,470000,481000,493000,504000,516000,528000,540000,552000,564000,576000,587000,599000,611000
Somalia,2760000,2810000,2870000,2940000,3000000,3070000,3140000,3230000,3310000,3390000,3440000,3470000,3480000,3510000,3630000,3880000,4290000,4830000,5420000,5950000,6360000,6600000,6720000,6740000,6750000,6790000,6890000,7020000,7170000,7300000,7400000,7460000,7490000,7520000,7580000,7700000,7890000,8140000,8420000,8720000,9010000,9290000,9560000,9840000,10100000,10400000,10700000,11000000,11400000,11700000,12100000,12400000,12800000,13100000,13500000,13900000,14300000,14700000
South Africa,17500000,17900000,18400000,18900000,19400000,19900000,20500000,21000000,21600000,22200000,22800000,23500000,24100000,24800000,25500000,26200000,26900000,27600000,28300000,29000000,29800000,30500000,31300000,32100000,32900000,33700000,34500000,35200000,36000000,36700000,37600000,38400000,39400000,40300000,41200000,42100000,42900000,43700000,44400000,45100000,45700000,46400000,47000000,47600000,48200000,48800000,49400000,49900000,50400000,51000000,51600000,52300000,53000000,53800000,54500000,55300000,56000000,56700000
South Korea,25000000,25800000,26500000,27300000,28000000,28700000,29400000,30100000,30800000,31500000,32200000,32900000,33500000,34100000,34700000,35300000,35800000,36400000,37000000,37500000,38100000,38700000,39300000,39900000,40400000,40800000,41200000,41600000,42000000,42400000,42900000,43300000,43700000,44200000,44600000,45100000,45500000,46000000,46300000,46600000,47000000,47400000,47600000,47900000,48100000,48200000,48400000,48700000,49100000,49300000,49600000,49900000,50200000,50400000,50700000,51000000,51200000,51500000
South Sudan,2960000,3010000,3070000,3130000,3200000,3260000,3330000,3410000,3480000,3560000,3650000,3730000,3820000,3920000,4020000,4120000,4220000,4330000,4450000,4570000,4710000,4850000,5010000,5170000,5320000,5450000,5570000,5670000,5740000,5780000,5770000,5710000,5600000,5490000,5430000,5460000,5590000,5810000,6100000,6410000,6700000,6970000,7240000,7500000,7790000,8110000,8470000,8860000,9260000,9670000,10100000,10400000,10800000,11200000,11500000,11900000,12200000,12600000
Spain,30500000,30700000,31000000,31300000,31600000,32000000,32300000,32700000,33100000,33400000,33800000,34200000,34600000,35000000,35400000,35800000,36100000,36500000,36900000,37200000,37500000,37800000,38000000,38200000,38300000,38500000,38600000,38700000,38800000,38800000,38900000,39000000,39200000,39400000,39500000,39700000,39900000,40100000,40200000,40400000,40600000,40900000,41400000,42200000,42900000,43700000,44400000,45200000,46000000,46400000,46600000,46700000,46800000,46600000,46500000,46400000,46500000,46600000
Sri Lanka,9870000,10100000,10400000,10600000,10800000,11100000,11400000,11700000,11900000,12200000,12500000,12700000,13000000,13300000,13500000,13800000,14000000,14300000,14500000,14800000,15000000,15300000,15500000,15700000,16000000,16200000,16400000,16600000,16900000,17100000,17300000,17500000,17700000,17900000,18100000,18200000,18400000,18500000,18600000,18700000,18800000,18900000,19100000,19200000,19400000,19500000,19700000,19800000,19900000,20100000,20200000,20300000,20400000,20600000,20800000,21000000,21200000,21400000
St. Kitts and Nevis,51200,51200,51000,50500,49900,49200,48400,47400,46400,45500,44900,44500,44300,44300,44300,44300,44100,43900,43700,43500,43200,43000,42800,42500,42300,42000,41700,41400,41000,40900,40800,41000,41400,41800,42400,42900,43400,43800,44300,44800,45400,46000,46600,47300,48000,48600,49200,49800,50300,50900,51400,52000,52600,53200,53700,54300,54800,55300
St. Lucia,89900,90900,92100,93400,94800,96300,97900,99500,101000,103000,104000,105000,106000,107000,109000,110000,111000,113000,115000,116000,118000,120000,121000,123000,124000,126000,129000,131000,134000,136000,138000,140000,142000,144000,145000,147000,149000,151000,153000,155000,157000,158000,160000,161000,162000,164000,165000,167000,169000,171000,173000,174000,175000,176000,176000,177000,178000,179000
St. Vincent and the Grenadines,80900,82100,83200,84200,85100,86000,86900,87700,88600,89500,90500,91400,92500,93500,94600,95600,96600,97600,98600,99600,101000,101000,102000,103000,104000,104000,105000,106000,107000,107000,108000,108000,108000,108000,108000,108000,108000,108000,108000,108000,108000,108000,108000,108000,109000,109000,109000,109000,109000,109000,109000,109000,109000,109000,109000,109000,110000,110000
Sudan,7540000,7770000,8000000,8250000,8500000,8770000,9050000,9340000,9640000,9950000,10300000,10600000,11000000,11300000,11700000,12100000,12600000,13000000,13500000,14000000,14500000,15000000,15600000,16100000,16700000,17200000,17800000,18300000,18900000,19500000,20100000,20900000,21700000,22500000,23300000,24100000,24800000,25400000,26000000,26600000,27300000,27900000,28700000,29400000,30200000,30900000,31600000,32300000,33000000,33700000,34400000,35200000,36000000,36800000,37700000,38600000,39600000,40500000
Suriname,290000,298000,306000,315000,323000,332000,341000,351000,360000,367000,371000,373000,371000,368000,365000,363000,361000,361000,361000,362000,363000,363000,364000,365000,368000,371000,377000,384000,391000,399000,407000,415000,423000,430000,437000,444000,450000,456000,462000,467000,472000,478000,483000,488000,494000,499000,504000,510000,515000,521000,526000,532000,537000,543000,548000,553000,558000,563000
Sweden,7480000,7520000,7560000,7600000,7660000,7730000,7810000,7870000,7910000,7970000,8040000,8100000,8120000,8140000,8160000,8190000,8220000,8250000,8280000,8290000,8310000,8320000,8330000,8330000,8340000,8350000,8370000,8400000,8440000,8490000,8560000,8620000,8670000,8720000,8780000,8830000,8840000,8850000,8850000,8860000,8870000,8900000,8920000,8960000,8990000,9030000,9080000,9150000,9220000,9300000,9380000,9450000,9520000,9600000,9700000,9800000,9920000,10100000
Switzerland,5330000,5430000,5570000,5690000,5790000,5860000,5920000,5990000,6070000,6140000,6180000,6210000,6260000,6310000,6340000,6340000,6300000,6280000,6280000,6290000,6320000,6350000,6390000,6420000,6440000,6470000,6500000,6550000,6590000,6650000,6720000,6800000,6880000,6940000,6990000,7040000,7070000,7090000,7110000,7140000,7180000,7230000,7280000,7340000,7390000,7440000,7480000,7550000,7650000,7740000,7820000,7910000,8000000,8090000,8190000,8280000,8370000,8470000
Syria,4570000,4720000,4880000,5030000,5200000,5370000,5550000,5740000,5940000,6140000,6350000,6570000,6800000,7040000,7280000,7540000,7790000,8060000,8340000,8630000,8930000,9250000,9590000,9940000,10300000,10600000,11000000,11400000,11700000,12100000,12400000,12800000,13200000,13600000,13900000,14300000,14800000,15200000,15600000,16000000,16400000,16800000,17100000,17400000,17800000,18300000,18900000,19600000,20300000,20800000,21000000,20900000,20400000,19800000,19200000,18700000,18400000,18300000
Tajikistan,2090000,2160000,2240000,2320000,2400000,2490000,2570000,2660000,2750000,2840000,2930000,3020000,3110000,3200000,3300000,3390000,3490000,3590000,3690000,3790000,3910000,4020000,4140000,4270000,4400000,4540000,4690000,4840000,5000000,5150000,5280000,5400000,5500000,5590000,5680000,5760000,5850000,5930000,6020000,6110000,6220000,6330000,6450000,6580000,6710000,6850000,7000000,7150000,7310000,7470000,7640000,7820000,8000000,8180000,8360000,8550000,8730000,8920000
Tanzania,10100000,10400000,10700000,11000000,11300000,11700000,12000000,12400000,12800000,13200000,13600000,14000000,14500000,15000000,15500000,16000000,16500000,17000000,17600000,18100000,18700000,19300000,19900000,20500000,21200000,21800000,22500000,23200000,23900000,24700000,25500000,26300000,27200000,28100000,29100000,30000000,30800000,31600000,32500000,33300000,34200000,35100000,36100000,37100000,38200000,39400000,40600000,41900000,43300000,44700000,46100000,47600000,49100000,50600000,52200000,53900000,55600000,57300000
Thailand,27400000,28200000,29100000,30000000,30900000,31800000,32800000,33800000,34800000,35800000,36900000,38000000,39100000,40200000,41300000,42300000,43400000,44400000,45400000,46400000,47400000,48300000,49300000,50200000,51100000,52000000,53000000,54000000,54900000,55800000,56600000,57300000,57800000,58400000,58900000,59500000,60200000,60900000,61600000,62300000,63000000,63500000,64100000,64600000,65000000,65400000,65800000,66200000,66500000,66900000,67200000,67500000,67800000,68100000,68400000,68700000,68900000,69000000
Timor-Leste,500000,509000,518000,528000,538000,548000,559000,569000,580000,592000,605000,621000,638000,654000,664000,665000,655000,636000,614000,596000,588000,591000,604000,625000,647000,667000,684000,700000,714000,731000,752000,777000,805000,834000,857000,871000,876000,872000,865000,863000,872000,893000,924000,961000,997000,1030000,1050000,1060000,1080000,1090000,1110000,1130000,1160000,1180000,1210000,1240000,1270000,1300000
Togo,1580000,1600000,1610000,1630000,1660000,1710000,1770000,1860000,1950000,2030000,2120000,2190000,2250000,2300000,2360000,2410000,2460000,2520000,2580000,2640000,2720000,2810000,2920000,3030000,3140000,3250000,3360000,3470000,3580000,3690000,3790000,3880000,3970000,4060000,4160000,4270000,4400000,4530000,4680000,4830000,4970000,5110000,5250000,5390000,5530000,5680000,5840000,6000000,6160000,6330000,6500000,6680000,6860000,7040000,7230000,7420000,7610000,7800000
Tonga,61600,63700,66300,69000,71800,74400,76800,79100,81100,82900,84400,85500,86300,87000,87600,88300,89300,90300,91400,92300,93000,93500,93700,93800,93800,94000,94100,94400,94700,94900,95200,95300,95500,95600,95800,96100,96400,96700,97100,97600,98100,98600,99200,99800,100000,101000,102000,102000,103000,104000,104000,105000,105000,105000,106000,106000,107000,108000
Trinidad and Tobago,848000,865000,880000,893000,903000,912000,920000,926000,931000,938000,946000,956000,969000,983000,997000,1010000,1030000,1040000,1050000,1070000,1090000,1100000,1120000,1140000,1160000,1170000,1180000,1200000,1200000,1210000,1220000,1230000,1240000,1240000,1250000,1260000,1260000,1260000,1260000,1260000,1270000,1270000,1280000,1280000,1290000,1300000,1300000,1310000,1320000,1320000,1330000,1330000,1340000,1350000,1350000,1360000,1360000,1370000
Tunisia,4180000,4240000,4300000,4380000,4460000,4550000,4640000,4740000,4840000,4950000,5060000,5170000,5290000,5410000,5530000,5650000,5780000,5920000,6050000,6210000,6370000,6550000,6730000,6930000,7130000,7320000,7510000,7690000,7870000,8050000,8230000,8420000,8600000,8780000,8960000,9110000,9260000,9380000,9500000,9600000,9700000,9790000,9860000,9940000,10000000,10100000,10200000,10300000,10400000,10500000,10600000,10800000,10900000,11000000,11100000,11300000,11400000,11500000
Turkey,27500000,28100000,28800000,29500000,30200000,31000000,31700000,32500000,33300000,34100000,34900000,35700000,36600000,37500000,38400000,39300000,40200000,41100000,42000000,43000000,44000000,45000000,46000000,47100000,48100000,49100000,50100000,51100000,52100000,53000000,53900000,54800000,55700000,56700000,57600000,58500000,59400000,60400000,61300000,62300000,63200000,64200000,65100000,66100000,67000000,67900000,68800000,69600000,70400000,71300000,72300000,73400000,74600000,75800000,77000000,78300000,79500000,80700000
Turkmenistan,1600000,1660000,1720000,1770000,1830000,1890000,1950000,2010000,2070000,2130000,2200000,2260000,2320000,2390000,2460000,2530000,2590000,2660000,2730000,2810000,2880000,2950000,3020000,3090000,3170000,3240000,3320000,3410000,3490000,3590000,3680000,3790000,3900000,4010000,4120000,4210000,4290000,4360000,4410000,4470000,4520000,4560000,4610000,4660000,4700000,4750000,4810000,4870000,4940000,5010000,5090000,5170000,5270000,5370000,5470000,5570000,5660000,5760000
Tuvalu,6100,6250,6390,6540,6680,6820,6940,7040,7130,7210,7300,7380,7460,7540,7620,7680,7750,7820,7890,7960,8050,8150,8280,8410,8530,8650,8750,8820,8880,8950,9000,9050,9110,9160,9190,9230,9260,9280,9310,9350,9420,9510,9640,9770,9890,10000,10100,10200,10300,10400,10500,10600,10700,10800,10900,11000,11100,11200
Uganda,6790000,7010000,7240000,7490000,7750000,8010000,8290000,8580000,8870000,9160000,9450000,9720000,9990000,10300000,10500000,10800000,11100000,11500000,11800000,12200000,12500000,12900000,13300000,13700000,14200000,14600000,15200000,15700000,16300000,16800000,17400000,18000000,18700000,19300000,19900000,20600000,21200000,21900000,22600000,23300000,24000000,24900000,25700000,26600000,27600000,28500000,29600000,30600000,31700000,32800000,33900000,35100000,36300000,37600000,38800000,40100000,41500000,42900000
Ukraine,42700000,43200000,43700000,44300000,44800000,45300000,45700000,46100000,46400000,46700000,47100000,47400000,47800000,48100000,48500000,48800000,49000000,49300000,49500000,49800000,50000000,50200000,50400000,50600000,50800000,50900000,51100000,51300000,51500000,51800000,51900000,52000000,52200000,52200000,51900000,51500000,51100000,50600000,50100000,49700000,49200000,48700000,48200000,47800000,47500000,47100000,46800000,46500000,46300000,46100000,45900000,45700000,45600000,45500000,45300000,45200000,45000000,44800000
United Arab Emirates,92600,101000,112000,126000,139000,150000,160000,170000,183000,204000,235000,279000,333000,397000,471000,554000,647000,748000,852000,952000,1040000,1120000,1190000,1250000,1320000,1390000,1470000,1560000,1660000,1760000,1860000,1970000,2090000,2210000,2330000,2450000,2570000,2700000,2840000,2990000,3150000,3330000,3510000,3740000,4090000,4580000,5240000,6040000,6890000,7670000,8270000,8670000,8900000,9010000,9070000,9150000,9270000,9400000
United Kingdom,52400000,52800000,53300000,53700000,54000000,54300000,54600000,54900000,55200000,55400000,55700000,55900000,56100000,56200000,56200000,56200000,56200000,56200000,56200000,56200000,56300000,56300000,56300000,56300000,56400000,56600000,56700000,56800000,56900000,57100000,57200000,57400000,57600000,57700000,57900000,58000000,58200000,58300000,58500000,58700000,58900000,59100000,59400000,59600000,60000000,60400000,60800000,61300000,61800000,62300000,62800000,63300000,63700000,64100000,64600000,65100000,65600000,66000000
United States,181000000,184000000,187000000,189000000,192000000,194000000,197000000,199000000,201000000,203000000,205000000,208000000,210000000,212000000,214000000,216000000,218000000,220000000,223000000,225000000,227000000,229000000,232000000,234000000,236000000,238000000,240000000,242000000,244000000,247000000,250000000,253000000,257000000,260000000,263000000,266000000,269000000,273000000,276000000,279000000,282000000,285000000,288000000,290000000,293000000,296000000,298000000,301000000,304000000,307000000,309000000,312000000,314000000,316000000,319000000,321000000,323000000,326000000
Uruguay,2540000,2570000,2600000,2640000,2670000,2690000,2720000,2750000,2770000,2800000,2810000,2820000,2820000,2820000,2820000,2830000,2840000,2860000,2880000,2900000,2920000,2940000,2950000,2970000,2990000,3010000,3030000,3050000,3070000,3090000,3110000,3130000,3150000,3180000,3200000,3220000,3250000,3270000,3290000,3310000,3320000,3330000,3330000,3330000,3320000,3330000,3330000,3340000,3350000,3360000,3370000,3390000,3400000,3410000,3420000,3430000,3440000,3460000
Uzbekistan,8550000,8840000,9140000,9450000,9790000,10100000,10500000,10900000,11300000,11700000,12100000,12500000,12800000,13200000,13500000,13900000,14300000,14700000,15100000,15500000,15900000,16400000,16800000,17200000,17700000,18100000,18600000,19000000,19500000,20000000,20500000,21000000,21400000,21900000,22400000,22800000,23200000,23700000,24100000,24300000,24700000,25000000,25300000,25600000,25900000,26200000,26500000,26900000,27300000,27800000,28600000,29300000,29800000,30200000,30800000,31300000,31800000,32400000
Vanuatu,63700,65700,67800,70000,72100,74300,76400,78500,80700,82900,85400,88000,90800,93800,96800,99900,103000,106000,109000,113000,116000,119000,121000,124000,127000,130000,133000,136000,139000,143000,147000,151000,155000,160000,164000,168000,172000,175000,178000,181000,185000,189000,194000,199000,204000,209000,215000,220000,225000,231000,236000,242000,247000,253000,259000,265000,270000,276000
Venezuela,8150000,8460000,8790000,9130000,9480000,9820000,10200000,10500000,10900000,11200000,11600000,11900000,12300000,12600000,13000000,13400000,13700000,14100000,14500000,14900000,15300000,15800000,16200000,16600000,17100000,17500000,18000000,18400000,18900000,19400000,19900000,20300000,20800000,21300000,21700000,22200000,22700000,23100000,23600000,24000000,24500000,24900000,25400000,25900000,26300000,26800000,27200000,27700000,28100000,28600000,29000000,29500000,29900000,30300000,30700000,31200000,31600000,32000000
Vietnam,32700000,33700000,34700000,35700000,36800000,37900000,39000000,40100000,41200000,42300000,43400000,44500000,45500000,46600000,47700000,48700000,49800000,50900000,52000000,53200000,54400000,55600000,56900000,58300000,59700000,61000000,62500000,63900000,65300000,66800000,68200000,69700000,71100000,72600000,73900000,75200000,76400000,77500000,78500000,79400000,80300000,81100000,82000000,82700000,83500000,84300000,85100000,85900000,86700000,87600000,88500000,89400000,90500000,91500000,92500000,93600000,94600000,95500000
Yemen,5170000,5260000,5350000,5450000,5540000,5640000,5750000,5860000,5970000,6080000,6190000,6300000,6410000,6520000,6660000,6830000,7030000,7270000,7540000,7820000,8120000,8430000,8760000,9110000,9470000,9850000,10200000,10600000,11100000,11500000,12100000,12700000,13300000,14000000,14700000,15300000,15900000,16400000,16900000,17400000,17900000,18400000,18900000,19500000,20000000,20600000,21200000,21800000,22400000,23000000,23600000,24300000,24900000,25600000,26200000,26900000,27600000,28300000
Zambia,3040000,3140000,3240000,3350000,3450000,3560000,3680000,3790000,3910000,4040000,4170000,4320000,4470000,4630000,4790000,4960000,5140000,5320000,5500000,5690000,5890000,6090000,6310000,6520000,6740000,6960000,7170000,7390000,7600000,7810000,8030000,8240000,8450000,8670000,8900000,9140000,9390000,9670000,9950000,10200000,10500000,10800000,11100000,11400000,11700000,12100000,12400000,12700000,13100000,13500000,13900000,14300000,14700000,15200000,15600000,16100000,16600000,17100000
Zimbabwe,3750000,3870000,4000000,4130000,4270000,4410000,4550000,4700000,4850000,5010000,5180000,5350000,5540000,5730000,5920000,6120000,6310000,6500000,6700000,6920000,7160000,7430000,7720000,8030000,8340000,8660000,8980000,9290000,9600000,9900000,10200000,10400000,10700000,10900000,11100000,11300000,11500000,11700000,11900000,12100000,12200000,12400000,12500000,12600000,12800000,12900000,13100000,13300000,13600000,13800000,14100000,14400000,14700000,15100000,15400000,15800000,16200000,16500000
